cluster_id,is_noise,count,share,mean__high_risk_shortage,mean__low_risk_shortage,mean__overstocking,mean__normal_inventory,mean__understocking,mean__unequal_supply_regions,mean__equal_supply_regions,mean__award_decision_lag_days,mean__log1p_Quantity,mean__log1p_Approved_Budget_of_the_Contract,mean__log1p_Item_Budget,mean__log1p_Contract_Amount,z__high_risk_shortage,z__low_risk_shortage,z__overstocking,z__normal_inventory,z__understocking,z__unequal_supply_regions,z__equal_supply_regions,z__award_decision_lag_days,z__log1p_Quantity,z__log1p_Approved_Budget_of_the_Contract,z__log1p_Item_Budget,z__log1p_Contract_Amount
-1,True,357290,0.7327447421580993,0.30116109338222175,0.6988389064523599,0.4801313613705087,0.6542503577458285,0.519868638674336,0.7094498101328892,0.290550177733102,0.11219789716453918,0.28681662458620727,0.47086932965150496,0.6297820624516807,0.5413237890815047,0.20005223731114433,-0.20005223725864194,0.09974107900628021,-0.14602039913501325,-0.099741078702233,0.01761960084839413,-0.017619599673149827,0.12771592148238053,0.26478425058232946,0.15696609815491452,-0.1580881772959596,-0.18791783487056501
0,False,18695,0.038340460003486426,0.18117582584862268,0.8188241741604707,0.3814770355968441,0.7938148349253811,0.6185229641604707,0.5839085267996792,0.416091458772399,4.0155887424445036e-05,1.751978347151645e-05,0.2949048809933249,0.7489912318726932,0.6318916403423376,-0.4200726989858113,0.4200726979860786,-0.36150310585826867,0.43042554816565787,0.36150310514784373,-0.464890791748507,0.46489079558687474,-0.5378103530789645,-0.7906764744759991,-0.596528262027831,0.4764346770405022,0.31578851099154676
1,False,91,0.0001866264701961629,0.03144921428571429,0.9685507857142857,0.8809797420879121,0.22140162670329674,0.11902029329670331,0.7492407457142856,0.2507592457692308,0.0,0.5578353646153845,0.4106750397802198,0.8146103292307689,0.7510283130769233,-1.193911082364065,1.1939110788787728,1.9738503303578154,-1.9338241572696915,-1.9738501661678898,0.1705536751179584,-0.1705536636775021,-0.5380486317555407,1.26217103131283,-0.10079084240371614,0.8257099648128637,0.9783845342590263
2,False,35,7.17794116139088e-05,0.01635359142857143,0.9836464085714285,0.8965294937142857,0.19252927428571429,0.10347049934285713,0.739897816,0.2601021762857143,0.0,0.5686686802857142,0.4222978668571429,0.8211581828571428,0.760272114,-1.2719304288644777,1.2719304251333265,2.0465509692553696,-2.053076211062292,-2.046551003013474,0.13464468514467667,-0.13464466976669218,-0.5380486317555407,1.302039144639252,-0.051020933091789185,0.8605626761685706,1.02979528454204
3,False,66,0.00013535546190051375,0.04336179545454546,0.9566382045454545,0.8258845334848485,0.3237006092424242,0.17411547272727274,0.6110177712121211,0.3889822216666667,0.0,0.506333443181818,0.35659433590909084,0.7841432448484849,0.7069276713636363,-1.1323427849363403,1.1323427816450653,1.7162605654613015,-1.5112966267018935,-1.716260537478998,-0.3606980368462442,0.3606980662886118,-0.5380486317555407,1.0726367739602574,-0.3323689007691695,0.6635407169315918,0.733112367829915
4,False,68,0.00013945714256416566,0.42086448529411763,0.5791355147058823,0.5893254063235294,0.7629360807352941,0.4106745970588235,0.4933942558823529,0.5066057372058823,0.0,0.0,0.7528180852941178,0.9998281094117648,0.9999879558823528,0.818720343902708,-0.8187203410456866,0.610262212889126,0.3028864130627527,-0.6102621973461072,-0.8127769630251078,0.8127770040281049,-0.5380486317555407,-0.7907409497238505,1.3642940490976676,1.8115813967263317,2.3630099857727607
5,False,32,6.56268906184309e-05,0.32196133125000004,0.67803866875,0.07692777384374999,0.29553450875,0.923072225625,0.74252742875,0.25747256828125,0.0,0.0,0.0,0.5082683746875,0.3050788746875,0.3075549870058562,-0.3075549857596467,-1.7853796048034811,-1.627631634063639,1.7853796037621177,0.14475144402663442,-0.14475141064992275,-0.5380486317555407,-0.7907409497238505,-1.8593354160483953,-0.8048774500973758,-1.5018284654231262
6,False,66,0.00013535546190051375,0.017344718181818184,0.9826552818181817,0.944761959848485,0.10297277545454547,0.05523804045454545,0.6642365487878789,0.3357634390909091,0.0,0.6275380765151515,0.48372407606060613,0.8557634145454546,0.8102638731818184,-1.2668079465184912,1.266807942803482,2.2720549636480256,-2.422973206694272,-2.272054963690276,-0.15615485726562603,0.15615486262440703,-0.5380486317555407,1.5186867372836041,0.2120111881983735,1.0447583256516524,1.3078317620573485
7,False,52,0.00010664369725495022,0.341223975,0.658776025,0.3920954488461537,0.8807278280769231,0.6079045548076922,0.5865517965384617,0.4134481959615384,0.0,0.04094154399999999,0.15023663653846153,0.667888946153846,0.5382608421153846,0.4071109239464868,-0.4071109223865512,-0.3118582339753151,0.7894040194963093,0.31185825144706336,-0.45473154304930197,0.454731573273019,-0.5380486317555407,-0.6400703549011456,-1.2160096807207024,0.044745956470796266,-0.20495286222735296
8,False,42,8.613529393669055e-05,0.2725598571428572,0.7274401428571429,0.0987041804047619,0.33596825047619044,0.9012958188095236,0.6641851738095239,0.33581482166666665,0.0,0.0,0.0,0.5367972057142856,0.3488624478571429,0.05223125757308208,-0.052231257131462296,-1.6835671316580387,-1.4606273431201886,1.6835671293541574,-0.15635231391349147,0.15635234847713214,-0.5380486317555407,-0.7907409497238505,-1.8593354160483953,-0.6530250768116693,-1.2583197220551057
9,False,62,0.00012715210057320987,0.08308679516129033,0.9169132048387096,0.5593891406451614,0.8185207970967742,0.4406108872580645,0.6989404477419354,0.3010595423387097,0.0,0.3270231999999999,0.16695940629032258,0.6773099391935484,0.553048324354839,-0.9270303876818738,0.9270303850375906,0.47029948593900817,0.5324690771185235,-0.4702993556520691,-0.022772503155698037,0.02277251380382029,-0.5380486317555407,0.412750058451717,-1.1444013939858115,0.09489172481453785,-0.12271011781372188
10,False,27,5.537268895930107e-05,0.33918560000000003,0.6608144,0.45024387629629636,0.9886960033333332,0.5497561244444444,0.5871435281481481,0.4128564607407407,0.0,0.04094154400000001,0.2006936940740741,0.6963146000000001,0.5796676333333334,0.3965759041644096,-0.39657590263767223,-0.03999358120855257,1.2353471299622767,0.039993584866085875,-0.45245725809919546,0.4524572743897138,-0.5380486317555407,-0.6400703549011455,-0.9999483764378443,0.19604914147279395,0.02533706082935255
11,False,85,0.0001743214282052071,0.061765142588235296,0.9382348552941177,0.6653053884705883,0.6218588308235294,0.33469461317647065,0.6967559315294118,0.303244060882353,2.8307477647058823e-05,0.3912706698823527,0.24560727411764702,0.7177326805882354,0.6123797021176468,-1.037227987065557,1.0372279731292882,0.9654957483333303,-0.2798077696649656,-0.9654957411574552,-0.031168560192500805,0.031168579999896875,-0.5378806596661767,0.6491897125846415,-0.8076247024428287,0.31005263378183345,0.2072700138976822
12,False,66,0.00013535546190051375,0.04336179545454546,0.9566382045454545,0.7631530410606061,0.42445274469696964,0.23684694196969697,0.6691532075757576,0.3308467828030303,0.0,0.45858010893939394,0.3205736163636364,0.7580157712121213,0.6709843927272726,-1.1323427849363403,1.1323427816450653,1.4229684481451417,-1.0951580695392267,-1.4229685283363809,-0.13725797411279306,0.13725798863058908,-0.5380486317555407,0.8968978405415892,-0.4866126087124023,0.5244702139756016,0.5332085687645602
13,False,27,5.537268895930107e-05,0.31981916125925924,0.6801808385185185,0.09288720370370368,0.32516747592592593,0.9071127944444444,0.7456444281481484,0.2543555672222222,8.911613333333334e-05,0.0,0.0,0.5294062392592593,0.3355204229629629,0.29648351918024674,-0.2964835191174468,-1.7107635739408757,-1.5052379979446124,1.7107635666718695,0.15673144425757848,-0.1567314175493795,-0.5375198307334685,-0.7907409497238505,-1.8593354160483953,-0.6923654828737692,-1.3325233441162494
14,False,31,6.357605028660493e-05,0.14770985806451614,0.8522901419354839,0.4851045599999999,0.9564500732258062,0.5148954445161291,0.7012718290322583,0.2987281661290323,0.0,0.27675432000000005,0.11428896967741933,0.6476373567741937,0.5102782670967743,-0.5930362766552416,0.5930362750634592,0.12299255764181201,1.1021611208640538,-0.12299253644954157,-0.013811979001257076,0.013812008963351672,-0.5380486317555407,0.22775356563085153,-1.3699405710117298,-0.06304857276247199,-0.36058204426285717
15,False,25,5.1271008295649145e-05,0.38921547600000006,0.6107845239999999,0.5863745636,0.7684150924,0.4136254188000001,0.5670276240000001,0.4329723696,0.0,0.0,0.7102279984000001,0.9833673568000001,0.9936793824,0.6551474296957157,-0.655147427354154,0.596465969936735,0.32551648436140834,-0.5964660524838391,-0.5297715291521895,0.5297715653890036,-0.5380486317555407,-0.7907409497238505,1.1819197654334148,1.7239646153791222,2.327923932033372
16,False,29,5.9474369622953006e-05,0.11842255862068966,0.8815774413793103,0.8568035699999998,0.2662911034482758,0.14319642655172415,0.6945914275862071,0.30540856620689655,0.0,0.5355866610344827,0.3877123268965516,0.8016739527586206,0.7324160662068965,-0.7444030658889862,0.7444030638202079,1.8608180968456496,-1.7484162549938107,-1.860818114132523,-0.0394877012725012,0.03948772658691485,-0.5380486317555407,1.180292697594675,-0.19911908304708725,0.7568526230182172,0.8748698021695491
17,False,27,5.537268895930107e-05,0.4239820000000001,0.5760179999999999,0.3521004788888889,0.80646645,0.6478995107407408,0.6096992244444444,0.39030076555555554,0.0,0.04094154400000001,0.11041651707407407,0.6454557762962962,0.5060486840740741,0.8348327270988267,-0.8348327241910309,-0.4988489935994126,0.4826807665704785,0.4988489456366603,-0.3657657922621295,0.3657658107606178,-0.5380486317555407,-0.6400703549011455,-1.386522734164264,-0.07466062138694772,-0.38410548861121685
18,False,43,8.818613426851652e-05,0.053244251162790704,0.9467557488372093,0.7183144825581396,0.512470766744186,0.28168549744186056,0.6386909953488373,0.3613089923255814,0.0,0.4209968459069767,0.29782939813953485,0.738413141860465,0.6445572588372094,-1.0812668708469964,1.0812668677166746,1.2133321832902213,-0.7316154752925259,-1.2133322774992987,-0.2543376597009138,0.2543376666101289,-0.5380486317555407,0.7585861882875248,-0.5840052371058619,0.4201299489680998,0.3862301999719107
19,False,16,3.281344530921545e-05,0.39350829375000007,0.60649170625,0.59092654375,0.75996309,0.40907343875,0.569660345,0.430339649375,0.0,0.0,0.7841469175,1.0,0.9999494875,0.6773341813567706,-0.6773341789452922,0.617748101838617,0.2906070100559408,-0.6177481839334044,-0.5196528238977881,0.5196528628725288,-0.5380486317555407,-0.7907409497238505,1.4984467064000517,1.812496330596019,2.3627960382402047
20,False,33,6.767773095025687e-05,0.018853162727272728,0.9811468363636364,0.9892706406060606,0.02033042806060606,0.01072933746969697,0.6883085006060607,0.3116914871212121,0.00014582640606060606,0.6976980251515151,0.5570909490909092,0.8970956251515151,0.8698935424242424,-1.2590117887327401,1.2590117803438063,2.480148932305046,-2.7643125445643393,-2.4801490364165364,-0.06363575427433081,0.06363575684960525,-0.5371833209561873,1.776885138246971,0.5261742221187314,1.2647601290126824,1.6394708854430342
21,False,35,7.17794116139088e-05,0.14718232285714286,0.8528176771428572,0.4509244385714286,0.9370651799999998,0.5490755445714288,0.5563204502857143,0.4436795317142857,0.0,0.035092752000000005,0.232138232,0.7084893202857142,0.592599468857143,-0.5957627591942346,0.5957627575938602,-0.036811709664844434,1.0220953092428324,0.036811631043716514,-0.5709239091128981,0.5709239017448831,-0.5380486317555407,-0.6615947255901033,-0.8653002576478778,0.2608523634393556,0.09725935473724584
22,False,34,6.972857128208283e-05,0.034396833147058825,0.9656031667647059,0.18444576520588235,0.4951705114705881,0.815554242352941,0.5099196088235294,0.49008036382352943,3.538434705882353e-05,0.0,0.08869384797058823,0.6332180267647058,0.58826303,-1.178676779051726,1.1786767751584113,-1.282694619677986,-0.803071065147977,1.2826946561011365,-0.7492627601769034,0.7492627211043656,-0.5378386666438356,-0.7907409497238505,-1.479541004516067,-0.13979933346047307,0.07314161604324441
23,False,20,4.101680663651931e-05,0.40066299,0.59933701,0.37418638550000005,0.847474843,0.625813615,0.848334009,0.151665988,0.0,0.04094154400000001,0.13256118700000005,0.6579312529999999,0.5248922250000001,0.7143121007918617,-0.7143120982638572,-0.39558949725246284,0.652058551146356,0.39558950003873156,0.5514126889994091,-0.5514126654178814,-0.5380486317555407,-0.6400703549011455,-1.291697421298329,-0.008256542525487721,-0.27930438081452463
24,False,102,0.0002091857138462485,0.07876214648039215,0.9212378565686273,0.3013174225490196,0.7121740822549021,0.6986825856862746,0.6667826688235298,0.333217315245098,0.017960013813725494,0.039610049627450974,0.16107664084313728,0.6352537434313724,0.5237870215686274,-0.9493816524902614,0.9493816655339201,-0.7362779075646455,0.09322311698448778,0.7362779467597995,-0.14636899762342362,0.14636898810526197,-0.43147675407313996,-0.6449704399862377,-1.1695918834314534,-0.1289636841876253,-0.28545113127951816
25,False,94311,0.19341680253483864,0.1430181048486709,0.8569818955809184,0.4106168605561705,0.8154141180601414,0.589383139294462,0.7179133869079959,0.28208659953685145,0.02705857732613905,0.0002816674674216157,0.3383598607644071,0.772905700257658,0.6874635721305044,-0.617284863368459,0.6172848639205275,-0.2252640235366695,0.5196374986508383,0.2252640231651144,0.050148850543027756,-0.05014885560378409,-0.3774873191101524,-0.7897043741404132,-0.4104504353472221,0.6037258645663187,0.6248599342816944
26,False,614,0.001259215963741143,0.4734633161400652,0.5265366838762214,0.33858402710097724,0.7813695307980457,0.6614159739576547,0.0,1.0,0.9996102127035831,0.0,0.23725269817589578,0.7168865873941368,0.5882630300000001,1.0905691074894852,-1.090569103691624,-0.5620432300232607,0.37902245998658474,0.562043235540363,-2.7091081920039723,2.7091083046884674,5.3934800643366465,-0.7907409497238505,-0.8433996893895193,0.3055490752790641,0.07314161604324503
27,False,386,0.0007916243680848227,0.20581070133937823,0.7941892980051815,0.0,0.13325701139896376,1.0,0.7222137816580311,0.27778620620466316,0.03409464896891192,0.0,0.4206432815025906,0.0,0.758733882823834,-0.29275122937196607,0.2927512253389181,-2.1450444047171686,-2.2978896221744223,2.1450444064167824,0.06667715982957322,-0.06667715983415301,-0.33573638426927005,-0.7907409497238505,-0.0581060047787293,-3.5102725253424802,1.0212401869654582
28,False,200,0.00041016806636519316,0.11483189518999999,0.8851681032,0.16489184310000002,0.45886340405,0.8351081478000001,0.6915407692000001,0.30845921745000004,0.022121587325000004,0.0,0.04748400242999999,0.6099904932500001,0.4550361861,-0.7629608436644679,0.7629608332161782,-1.3741161847427,-0.953031036007055,1.3741161433452806,-0.05121272380314454,0.05121272194242342,-0.4067826359165645,-0.7907409497238505,-1.6560049802544516,-0.2634341254528165,-0.6678189541522888
29,False,66,0.00013535546190051375,0.4635928484848485,0.5364071500000002,0.44815188590909094,0.9846110257575756,0.5518481150000001,0.0,1.0,0.9997858166666667,0.0,0.35043658833333335,0.7806450131818182,0.5882630300000001,1.0395551517619754,-1.039555156039868,-0.04977438294556691,1.218474865501098,0.049774387397191776,-2.7091081920039723,2.7091083046884674,5.394522070443568,-0.7907409497238505,-0.35873688649096347,0.6449204383654008,0.07314161604324503
30,False,37,7.588109227756073e-05,0.11368676567567569,0.8863132372972974,0.5651771054054056,0.6912461675675675,0.43482289189189194,0.6393880227027027,0.3606119624324324,0.01844162091891892,0.511569398918919,0.35621339756756765,0.6250426343243243,0.5388971354054054,-0.7688792649983476,0.7688792782177815,0.4973602870435472,0.006784133005435121,-0.4973602998695987,-0.2516586768736339,0.25165867395952735,-0.4286189737819899,1.091905821687777,-0.3340001103351011,-0.18331505772721113,-0.20141402406843595
31,False,42,8.613529393669055e-05,0.4632251802380952,0.5367748171428571,0.21726676333333333,0.5561114914285714,0.7827332302380952,0.0,1.0,0.9995733166666667,0.0,0.12516735864285713,0.6537398354761906,0.58826303,1.0376549164015598,-1.0376549263907544,-1.1292447389047076,-0.5513653185910183,1.1292447098220633,-2.7091081920039723,2.7091083046884674,5.3932611290967305,-0.7907409497238505,-1.3233584074222293,-0.030566489183454455,0.07314161604324441
32,False,33,6.767773095025687e-05,0.07299545087878788,0.9270045490909091,0.4917181357575757,0.8321049048484849,0.5082818615151515,0.6981101078787879,0.30188987575757575,0.02084709972727273,0.06736114527272728,0.27831810727272727,0.7249456481818182,0.6149191545454545,-0.9791859094302843,0.9791859064650297,0.1539133848373825,0.588575788650106,-0.15391339753271194,-0.02596386461639594,0.025963850572235648,-0.41434524348365487,-0.5428425356781943,-0.6675542024800173,0.34844559304784967,0.2213935498444258
33,False,39,7.998277294121266e-05,0.47714042615384616,0.5228595705128205,0.4667499056410256,0.990390162051282,0.5332500941025643,0.0,1.0,0.9998110564102566,0.0,0.37308075025641024,0.7934310894871794,0.58826303,1.109573670799012,-1.1095736842532453,0.03717799733861233,1.2423445475486252,-0.03717799839830037,-2.7091081920039723,2.7091083046884674,5.394671839084867,-0.7907409497238505,-0.26177270747519193,0.7129777671132307,0.07314161604324441
34,False,38,7.79319326093867e-05,0.46297378815789475,0.5370262036842105,0.5046804226315788,0.9201022157894737,0.4953195721052634,0.0,1.0,0.9994941049999999,0.0,0.4227593602631579,0.8214181768421054,0.58826303,1.0363556360738626,-1.0363556746938094,0.21451670249520768,0.9520328394011389,-0.2145167270900422,-2.7091081920039723,2.7091083046884674,5.392791099611308,-0.7907409497238505,-0.049044780060051835,0.8619465640544607,0.07314161604324441
35,False,34,6.972857128208283e-05,0.111407486,0.8885925029411766,0.0,0.1343008,1.0,0.7544573376470588,0.24554265499999997,0.0237053015,0.0,0.3880649402941176,0.0,0.7323967976470588,-0.7806593626114611,0.7806593032726458,-2.1450444047171686,-2.293578441270331,2.1450444064167824,0.19060333332337517,-0.19060331788792453,-0.3973851268114769,-0.7907409497238505,-0.19760916323989391,-3.5102725253424802,0.8747626372569366
36,False,27,5.537268895930107e-05,0.09216263655555557,0.9078373596296296,0.8377212129629629,0.3017226503703703,0.16227879851851854,0.7656253162962963,0.2343746742592592,0.020732497481481486,0.55736027,0.3511778307407407,0.7810917948148147,0.7024129525925927,-0.8801233324895856,0.8801233102768499,1.771601266789608,-1.6020726291472525,-1.7716012142107382,0.23352678941275457,-0.23352678303708457,-0.41502527506087217,1.2604226168344446,-0.35556282503838743,0.6472985537269199,0.7080030993301233
37,False,61,0.0001251012602413839,0.07143009036065574,0.9285699022950819,0.0,0.1343008,1.0,0.7694654596721312,0.23053453090163933,0.020719227311475408,0.0,0.1520811319672131,0.0,0.5405325214754099,-0.9872762284464639,0.9872761876546687,-2.1450444047171686,-2.293578441270331,2.1450444064167824,0.24828615014817526,-0.2482861440536439,-0.4151040181481203,-0.7907409497238505,-1.2081113983486365,-3.5102725253424802,-0.1923185853456671
38,False,155,0.00031788025143302467,0.1196171494,0.8803828518064515,0.6463565427096775,0.6323727086451613,0.35364344935483877,0.7227097338064515,0.27729025170967747,0.02147985449032258,0.35143516051612905,0.29793288070967744,0.7172312747741936,0.6089893288387096,-0.7382290118059438,0.7382290159919762,0.8769031311462541,-0.23638209012835343,-0.8769031687088343,0.06858332216510138,-0.06858333123391451,-0.41059057692770984,0.5025894795481359,-0.5835621161597035,0.3073837665306653,0.18841395723223558
39,False,242,0.0004963033603018837,0.08735389775206612,0.9126460987190083,0.0,0.1331908760330579,1.0,0.65521884892562,0.344781140020661,0.021274912322314047,0.0,0.18479396111570248,0.0,0.5670455970247934,-0.904976540766573,0.9049765199530916,-2.1450444047171686,-2.2981627823969952,2.1450444064167824,-0.19081384580974362,0.19081385609595913,-0.41180667129642795,-0.7907409497238505,-1.0680323513765388,-3.5102725253424802,-0.04486223944998479
40,False,40,8.203361327303863e-05,0.070752981425,0.9292470205000001,0.46488797625,0.72769819775,0.53511202925,0.6577851585000001,0.34221482225,0.015649280825,0.30053560145,0.3640761805,0.60549999825,0.55193107925,-0.9907757592157063,0.9907757663196046,0.028472812872507587,0.15734268124197368,-0.02847278701269866,-0.18095038888639262,0.18095036743602688,-0.4451882776824896,0.3152719997601958,-0.3003310218339476,-0.2873359923865646,-0.12892383980619854
41,False,57,0.00011689789891408004,0.08501108154385965,0.9149889168421053,0.10892933794736842,0.3549539949122806,0.8910706550877193,0.6675494428070176,0.3324505449122807,0.021780173982456137,0.0,0.0,0.5484304591228071,0.3657449078947368,-0.9170850169298042,0.9170850059749758,-1.6357608705654294,-1.382210143716429,1.6357608393374072,-0.1434219478085528,0.14342195225140983,-0.4088085286223328,-0.7907409497238505,-1.8593354160483953,-0.5911039578755507,-1.164425452330092
42,False,32,6.56268906184309e-05,0.463876059375,0.5361239465625,0.482805401875,0.960719036875,0.5171945965625,0.0,1.0,0.999998434375,0.0,0.39647665062500004,0.8066114696875,0.58826303,1.041018882591801,-1.041018848347228,0.11224317278794092,1.1197933066786847,-0.11224318000774407,-2.7091081920039723,2.7091083046884674,5.395783710253015,-0.7907409497238505,-0.16158952210134156,0.7831338843529253,0.07314161604324441
43,False,142,0.0002912193271192871,0.1072471630633803,0.8927528374647887,0.6427651399295773,0.5906143476056339,0.3572348697887324,0.6734954988732395,0.32650448503521134,0.02353139603521127,0.37897983614084507,0.32045962485915497,0.7145967777464788,0.6022726550704225,-0.8021613357209816,0.8021613361999509,0.8601120412995908,-0.40885748267530775,-0.8601119963123783,-0.12056863795906719,0.12056862721144591,-0.3984170542985037,0.603957729377073,-0.48710072978680385,0.2933609478004825,0.15105819408811297
44,False,328,0.0006726756288389168,0.24099358218902442,0.7590064125304878,0.5929357700609756,0.7562324597865854,0.4070642272256098,0.7549693315853658,0.24503065317073167,0.03920095330792683,0.0,0.9996016964024389,0.9997745104268293,0.9999799086585366,-0.11091405724147381,0.11091402987761272,0.6271419519789598,0.27519831358202645,-0.6271419649479,0.192571151316155,-0.19257116625595877,-0.3054363829958453,-0.7907409497238505,2.4210419352395407,1.8112961017186069,2.362965229960998
45,False,234,0.00047989663764727596,0.13895901523076923,0.8610409811538461,0.0,0.13430080000000003,1.0,0.7055795986324788,0.2944203906837607,0.02553873522222222,0.0,0.34147865004273503,0.0,0.6944258186324787,-0.6382636280323795,0.6382636076125282,-2.1450444047171686,-2.293578441270331,2.1450444064167824,0.002744675079636353,-0.0027446679765531024,-0.3865058214607131,-0.7907409497238505,-0.39709552104641643,-3.5102725253424802,0.6635814860871015
46,False,20,4.101680663651931e-05,0.1032684285,0.89673157,0.4104120399999999,0.7383304184999999,0.589587954,0.6755506219999999,0.3244493635,0.02323926025,0.07517912200000001,0.3264516075,0.7012672994999999,0.5838003605,-0.8227247979557745,0.8227247878876716,-0.2262216327416744,0.20125715493902052,0.22622160501700847,-0.11266989548647169,0.11266989066795127,-0.40015054178303977,-0.5140712904167003,-0.4614425632615864,0.22241121612421488,0.04832182717399636
47,False,22,4.511848730017125e-05,0.4631136204545454,0.5368863718181819,0.20249863227272727,0.5286905022727273,0.797501375909091,0.0,1.0,0.9997083499999999,0.0,0.10945459463636363,0.6449138663636366,0.5882630300000001,1.0370783372507255,-1.0370783736427929,-1.198291022679934,-0.6646227777188616,1.1982910619554512,-2.7091081920039723,2.7091083046884674,5.394062395511795,-0.7907409497238505,-1.3906417658054566,-0.0775450826992324,0.07314161604324503
48,False,28,5.7423529291127036e-05,0.1095622202857143,0.8904377857142858,0.21615718214285715,0.5540512785714286,0.7838427975000002,0.4728789585714286,0.5271210403571428,0.023458479857142858,0.1699498385714286,0.29963330642857144,0.0,0.6572942921428572,-0.7901963274992707,0.7901963562962409,-1.1344324270038222,-0.559874656898852,1.1344323328038461,-0.8916262777438595,0.8916263430697815,-0.39884972735158547,-0.16530182931403364,-0.5762807522315544,-3.5102725253424802,0.4570690728632942
49,False,88,0.000180473949200685,0.19713890077272725,0.8028610968181819,0.30863403659090904,0.6711140054545454,0.6913659697727274,0.5731240593181817,0.42687591880681813,0.015116957352272727,0.09729840975000002,0.3443124818181818,0.6012053734090909,0.536401077159091,-0.3375700632547882,0.33757005001703816,-0.7020701254602678,-0.07636813822416677,0.7020701558802916,-0.5063402456674582,0.5063402218695703,-0.44834700086674495,-0.4326692250146952,-0.3849608184017153,-0.3101952877376956,-0.2152962169305485
50,False,113,0.00023174495749633413,0.13165269094690266,0.8683473123893803,0.0,0.13430080000000005,1.0,0.7293251920353981,0.2706747968584071,0.025272853168141592,0.0,0.2247526634513274,0.0,0.5999428094690266,-0.6760252130522145,0.6760252284419651,-2.1450444047171686,-2.293578441270331,2.1450444064167824,0.09400943907666097,-0.09400943576850289,-0.38808352346246605,-0.7907409497238505,-0.8969258745870023,-3.5102725253424802,0.13810041715110424
51,False,119,0.00024404999948728992,0.06407898905042017,0.9359210145378151,0.5014915691596639,0.7611018065546219,0.4985084353781513,0.6449329097478995,0.35506707105041996,0.01371564730672269,0.3767084151260504,0.3501652656302521,0.6099669797478992,0.5543069731932773,-1.0252692364667675,1.0252692520581368,0.19960767434290638,0.2953102737825087,-0.19960765310403242,-0.23034723609456992,0.2303472160051415,-0.45666215275462096,0.5955985830929977,-0.3598987128037229,-0.2635592823894935,-0.1157099582835209
52,False,237,0.0004860491586427539,0.07082312692827003,0.9291768768776372,0.47521794056962025,0.7275927499156117,0.5247820605063291,0.6683007713924052,0.3316992115611814,0.016546941765822786,0.2690608883628692,0.29730859067510546,0.6332651529957806,0.5574862362447257,-0.9904132232424072,0.9904132400686199,0.07676908305547217,0.1569071479457285,-0.07676907791421533,-0.14053426145487383,0.14053424751230092,-0.439861699820254,0.19944066367985708,-0.5862353778540703,-0.1395484914254108,-0.09802802201269681
53,False,38,7.79319326093867e-05,0.29977045868421054,0.7002295428947367,0.08947529421052633,0.31883234868421045,0.910524725,0.9231648184210527,0.07683517921052632,0.045908513105263164,0.048077538421052626,0.6262988923684211,0.4516293136842105,0.18185740368421052,0.19286496114596804,-0.1928649521006361,-1.72671546860612,-1.5314041005082524,1.7267155598226573,0.8390204167001228,-0.839020397533775,-0.2656347854200784,-0.6138088996890142,0.8225283739778512,-1.1063540800352856,-2.1871426914619954
54,False,29,5.9474369622953006e-05,0.16967194379310344,0.8303280893103449,0.32627643586206895,0.7352045310344827,0.6737235644827586,0.12055837724137931,0.8794416194827587,0.029412933793103453,0.24443589448275857,0.7303177996551725,0.4869791382758621,0.268007667586207,-0.4795286994889472,0.47952886934480804,-0.619585611911919,0.1883462395139071,0.6195856141328792,-2.245749300099168,2.2457493891690854,-0.36351694068948825,0.10881725007772884,1.2679459602608152,-0.9181951346359537,-1.7080054035500136
55,False,118,0.00024199915915546394,0.09853492558474575,0.901465067118644,0.0,0.13430080000000005,1.0,0.7309407132203392,0.2690592789830509,0.022711515999999998,0.0,0.29444516940677967,0.0,0.6562775455932202,-0.8471891614074084,0.8471891213033461,-2.1450444047171686,-2.293578441270331,2.1450444064167824,0.10021859785294611,-0.1002185819723223,-0.40328209258483305,-0.7907409497238505,-0.5984967851608496,-3.5102725253424802,0.45141428827852337
56,False,45,9.228781493216845e-05,0.11681040286666665,0.8831895897777774,0.421212513111111,0.7880957764444444,0.5787874906666667,0.6466911222222222,0.35330886688888885,0.024245715644444447,0.03910737577777778,0.38629378933333336,0.7303780971111111,0.6199323502222223,-0.7527352387033223,0.7527351985922566,-0.17572556602367803,0.4068040067080119,0.1757255839775039,-0.223589651906088,0.22358966360560334,-0.39417839486255385,-0.6468203498951576,-0.20519337851837668,0.37736126302016665,0.24927517053302933
57,False,275,0.0005639810912521406,0.18691479212,0.8130852136,0.4864313141454545,0.8877373607636363,0.5135686868363636,0.7300269014545455,0.26997308461818187,0.03119668806909091,0.015999077505454543,0.4048863745818182,0.7898845540363637,0.6168124856727273,-0.39041175671678097,0.39041178532643755,0.1291956068191976,0.8183556323377996,-0.12919560215552808,0.09670641714102475,-0.09670642473967564,-0.3529324253050559,-0.7318621120238996,-0.1255783867812433,0.694100378669147,0.23192358771491658
58,False,58,0.00011894873924590601,0.06718028824137931,0.9328197113793104,0.3139407949137932,0.7168185205172414,0.6860592003448277,0.6805164806896552,0.3194835019827587,0.01626820803448276,0.06359814351724137,0.24535512706896548,0.6380104153448275,0.5433120984482759,-1.0092406606027116,1.0092406557389577,-0.6772591362034212,0.11240613309229934,0.6772591146857916,-0.09358391546214251,0.09358389932188077,-0.4415156616395722,-0.5566909072202626,-0.808704417013397,-0.11429055678064622,-0.1768595616352272
59,False,70,0.0001435588232278176,0.08238312627142858,0.917616879,0.1455304192857143,0.422913717,0.8544695785714285,0.7510102782857142,0.24898971250000004,0.021500391614285717,0.0,0.011561809578571428,0.5897646885714286,0.425489925,-0.9306671893865288,0.9306672139753325,-1.4646377515873765,-1.1015147463715431,1.4646377427818138,0.17735476742069398,-0.17735475882400645,-0.41046871288653214,-0.7907409497238505,-1.8098267887240005,-0.371091408682212,-0.8321448049412987
60,False,20,4.101680663651931e-05,0.10078867645,0.8992113235,0.41967987649999994,0.9044591949999999,0.5803201200000001,0.7066629629999999,0.2933370305,0.022845756550000006,0.004626089700000001,0.40594436200000006,0.7562018399999999,0.6534909505,-0.8355410054256448,0.8355410028112509,-0.18289118921193365,0.8874221582316656,0.18289117314467546,0.006908521046629253,-0.006908497962577582,-0.4024855304205163,-0.7737162941123721,-0.12104799692793314,0.5148150774129071,0.43591623226568016
61,False,29,5.9474369622953006e-05,0.07945381468965518,0.9205461965517243,0.46623655655172414,0.8982804358620691,0.5337634427586206,0.7091844986206898,0.290815494137931,0.021233455758620692,0.015809896068965518,0.40886407620689663,0.7694149155172414,0.675532301724138,-0.9458068744110464,0.945806929806891,0.034777907120682794,0.861901905969874,-0.03477791020423005,0.016599891964488172,-0.016599871960454697,-0.4120526679799987,-0.7325583261081856,-0.10854553859036521,0.5851452242672436,0.5585024295576912
62,False,34,6.972857128208283e-05,0.12492241288235292,0.8750776008823531,0.1732216752941176,0.4732478117647059,0.8267782964705884,0.7191636158823529,0.2808363726470588,0.02088708573529412,0.10440619294117648,0.18560738470588234,0.0,0.5601942511764705,-0.7108095940169107,0.7108096631947067,-1.3351712461370797,-0.8936188295557306,1.3351711152474814,0.05495403061795088,-0.05495402778113134,-0.41410797284455286,-0.4065115910650478,-1.0645492041140443,-3.5102725253424802,-0.08296700105636666
63,False,150,0.00030762604977389483,0.09606673192666666,0.9039332674,0.2986715273666666,0.6992773628,0.7013284761333334,0.7177709061333333,0.28222908116666673,0.017575400546666668,0.07419248086666665,0.23716219093333335,0.6238310597333333,0.5270418686,-0.8599456311511313,0.8599456252382321,-0.7486484119196328,0.03995553906286726,0.7486484289844421,0.049601234231527284,-0.049601235992526936,-0.4337589882895021,-0.5177022674613345,-0.8437872489070611,-0.1897639892267843,-0.2673488236539221
64,False,41,8.40844536048646e-05,0.10538192939024389,0.8946180714634145,0.42324451780487804,0.7278466334146341,0.5767554826829268,0.6172582287804879,0.3827417526829268,0.014817052024390244,0.21315815975609756,0.4040213570731707,0.6099791236585366,0.5511339812195122,-0.8118015018556176,0.811801503986449,-0.16622521881368574,0.1579557680319819,0.16622522137892037,-0.33671321248129826,0.33671319747872835,-0.4501265915870465,-0.0062891781501070556,-0.12928246348080058,-0.26349464316016336,-0.1333570170389736
65,False,28,5.7423529291127036e-05,0.08588616621428573,0.9141138396428573,0.5782783867857143,0.6602213778571427,0.42172160500000005,0.6496797664285714,0.35032021999999996,0.021975681392857143,0.31321872778571425,0.29830659035714285,0.6982601267857144,0.5717973953571428,-0.9125622797916764,0.9125623074647061,0.5586134536285113,-0.12135817552355856,-0.558613492266983,-0.2121029771561533,0.2121029782722027,-0.4076484186110957,0.3619476744541833,-0.581961860461133,0.20640473085618788,-0.018434418308814645
66,False,30,6.152520995477898e-05,0.07643753566666667,0.9235624613333334,0.5945642746666666,0.7101376106666666,0.4054357326666666,0.6852893686666667,0.31471061249999993,0.021105485900000002,0.2257938544666667,0.28397842900000003,0.7220770953333334,0.6130853749999999,-0.9613960369426947,0.9613960186850903,0.6347557922592469,0.08481183771375295,-0.6347557582615,-0.0752396067975869,0.07523958443363714,-0.4128120208547463,0.0402119415448306,-0.6433162354881455,0.3331769492843214,0.2111947168026941
67,False,54,0.00011074537791860214,0.13211377835185184,0.8678862253703701,0.6147879687037038,0.7156580122222225,0.3852120331481481,0.7511923896296296,0.24880759796296292,0.023877090685185193,0.03032706962962963,0.43108916685185183,0.8226755668518518,0.753483028703704,-0.6736421555027419,0.6736421728946665,0.7293087801582665,0.10761286250517269,-0.7293087718560155,0.17805470144809882,-0.17805470514063573,-0.39636575699246684,-0.679133101707032,-0.0133758575370353,0.8686393604381073,0.992036794098286
68,False,36,7.383025194573476e-05,0.10601083777777778,0.8939891680555555,0.40737842527777773,0.835331278611111,0.5926215775,0.7784186477777779,0.22158134444444444,0.022173904805555558,0.0291625125,0.27031499833333333,0.7158492002777779,0.5931018588888889,-0.8085510880192116,0.8085511158969502,-0.24040486433107916,0.601901744634954,0.2404048776558,0.2826971916251323,-0.282697180013565,-0.40647219227235315,-0.6834188344440856,-0.7018241785788576,0.30002730344455697,0.10005347034852916
69,False,161,0.00033018529342398046,0.144280561242236,0.8557194404347824,0.23725512067080745,0.5835599800621117,0.7627448764596273,0.6149384675776397,0.38506151021739127,0.013877312865217394,0.07602019325465839,0.28254894357142857,0.5496356666459628,0.5409650269565218,-0.6107600565590061,0.6107600635787767,-1.0357920340729272,-0.43799427782126144,1.0357920215630803,-0.34562907552649647,0.3456290466368351,-0.45570285493313545,-0.5109760308381252,-0.6494374106266779,-0.5846889168063549,-0.18991314287989833
70,False,151,0.00030967689010572084,0.09310863252980132,0.9068913678807947,0.28389564162251657,0.679825881986755,0.7161043570860927,0.707548694834437,0.29245129195364244,0.021212701774834437,0.020064067920529803,0.13992625209271523,0.6465459462251656,0.5096896617880795,-0.8752341014587671,0.8752341010998083,-0.8177309516082422,-0.04038530060055537,0.8177309463209901,0.010312778226600304,-0.010312781020404895,-0.4121758188330232,-0.7169023800756374,-1.2601596018577672,-0.06885789884188129,-0.3638556587416175
71,False,132,0.0002707109238010275,0.11801140773484849,0.8819885916666667,0.3658355011666667,0.7135660654545455,0.6341645036363637,0.6610476857575757,0.3389522967045455,0.01616869243560606,0.12139459625757575,0.29295675424242423,0.6311360921969698,0.5522318039393941,-0.7465280344133037,0.7465280292446548,-0.434632862122883,0.09897245299291026,0.4346328850552739,-0.16841106105641768,0.16841104588815764,-0.442106171443238,-0.3439918963322383,-0.6048703023144816,-0.1508809899377205,-0.12725131548000043
72,False,215,0.0004409306713425826,0.07401418042790697,0.9259858238139533,0.4703400144186047,0.6894922662790698,0.5296599870232559,0.6647467696744185,0.3352532132558138,0.015426663834883721,0.2957273087813953,0.33568853079069766,0.6167613311162791,0.5581540086976745,-0.9739207663861652,0.9739207855175047,0.05396303726163181,-0.0004600405131546453,-0.053963030393301095,-0.15419385389096762,0.15419384018361604,-0.446509251646472,0.29757681180000745,-0.4218892918021826,-0.22739452052957776,-0.09431410788688291
73,False,23,4.716932763199721e-05,0.0825070480869565,0.9174929543478262,0.31595291999999997,0.739348804347826,0.6840470782608693,0.45615382956521733,0.5438461578260869,0.02140240204347826,0.39301862782608704,0.29157358956521745,0.0,0.650811183478261,-0.9300267190226273,0.9300267289526923,-0.6678517332542367,0.2054634143442162,0.6678517257664629,-0.9559083079155711,0.9559083304280631,-0.4110501674813088,0.6556224417242051,-0.6107931281547389,-3.5102725253424802,0.4210123161907087
74,False,42,8.613529393669055e-05,0.07601787257142857,0.923982125,0.18404802999999997,0.4944319999999999,0.8159519399999999,0.6385657219047619,0.36143426666666667,0.020891367880952385,0.11093158,0.2900532176190476,0.0,0.6524762990476192,-0.9635649994790981,0.9635649841679966,-1.2845541737258241,-0.8061213538235683,1.2845540345493989,-0.25481914066938827,0.2548191510376622,-0.41408256327037074,-0.3824972561488727,-0.6173034868979665,-3.5102725253424802,0.4302730998706044
75,False,42,8.613529393669055e-05,0.08012001692857144,0.919879982142857,0.21734640999999996,0.5562593999999998,0.7826535699999999,0.67818233,0.3218176607142857,0.021157522857142858,0.1721357,0.28955705571428575,0.0,0.6525813385714287,-0.9423637131841636,0.9423637056923859,-1.1288723623104149,-0.5507544088646038,1.1288722697762317,-0.1025550836368102,0.10255509861843869,-0.41250324179204007,-0.1572575542460767,-0.619428093316061,-3.5102725253424802,0.4308572925391137
76,False,128,0.0002625075624737236,0.10886113175781251,0.8911388664062501,0.49755145203125,0.9089695578124999,0.502448550703125,0.7190823529687498,0.28091763472656245,0.022568487335937505,0.0127942325,0.3655480178125,0.782999309453125,0.680397637109375,-0.79381979301,0.7938197812967444,0.18118622045414814,0.9060513998314197,-0.18118620763382762,0.05464170148362036,-0.054641701845181356,-0.40413080202624213,-0.7436563888417551,-0.2940284924166014,0.6574518132359648,0.5855617036176816
77,False,47,9.638949559582039e-05,0.10128848957446808,0.8987115089361699,0.625312190425532,0.6531828925531915,0.37468780617021286,0.7071306463829786,0.2928693412765957,0.02236714280851064,0.3945034831489362,0.2877727840425532,0.6986435189361703,0.5798047978723404,-0.8329578001010048,0.8329577900556356,0.7785132730312415,-0.15042937193823228,-0.7785132893383527,0.00870603407772658,-0.00870603348376618,-0.4053255485654991,0.6610869165060878,-0.627068492566798,0.20844543865424586,0.026099921466579246
78,False,23,4.716932763199721e-05,0.07465770000000001,0.9253423000000001,0.6188855034782609,0.703992483478261,0.3811144960869566,0.5361314617391304,0.4638685184782607,0.0,0.3931814130434783,0.26572586608695664,0.6926999452173913,0.5931766817391305,-0.9705948369462173,0.9705948341646518,0.7484662177285231,0.059430496164740755,-0.7484662201308036,-0.6485190756677203,0.6485190632944592,-0.5380486317555407,0.6562215140389347,-0.7214752233901577,0.17680916957095466,0.10046960856929424
79,False,22,4.511848730017125e-05,0.3902561590909091,0.6097438409090908,0.5840333240909091,0.7727622359090909,0.41596667772727275,0.3320401,0.6679598931818181,0.0,0.0,0.6860309818181818,0.9697356718181819,0.9741307940909089,0.6605260361590015,-0.6605260338004907,0.5855198395924784,0.3434715780126814,-0.5855198313448242,-1.43293198322905,1.4329320393461389,-0.5380486317555407,-0.7907409497238505,1.0783061340057072,1.6514063071039355,2.21920160013685
80,False,39,7.998277294121266e-05,0.10273410000000001,0.8972659,0.5815869415384617,0.7773046069230768,0.4184130541025641,0.5200187856410255,0.47998118807692325,0.0,0.0,0.6677454279487179,0.9591973974358973,0.58826303,-0.8254863905565608,0.8254863882322684,0.5740821279926929,0.3622330237262605,-0.5740821486172691,-0.7104471798216997,0.7104471439415831,-0.5380486317555407,-0.7907409497238505,1.000005876092682,1.5953135084265764,0.07314161604324441
81,False,37,7.588109227756073e-05,0.016140748216216215,0.9838592513513514,0.7997732272972975,0.3721832378378378,0.20022676378378385,0.765964378918919,0.23403560945945942,4.8773021621621616e-05,0.4875635159459461,0.33681930810810795,0.773002717027027,0.6911088472972973,-1.2730304754469972,1.2730304694774215,1.5941808893419132,-1.3110478575802595,-1.5941809320153233,0.23482995626602307,-0.23482995828920697,-0.5377592203693151,1.003560822613437,-0.41704720956461455,0.6042422624048198,0.6451336650632618
82,False,23,4.716932763199721e-05,0.07740788043478261,0.9225921217391304,0.26160532608695664,0.4637804526086956,0.7383946513043477,0.5218906869565216,0.47810928826086946,0.0008630704347826086,0.07486432800000001,0.7856891165217392,0.6338541695652172,0.5984225069565218,-0.9563809630100097,0.9563809715087622,-0.921946132634977,-0.9327220521479733,0.9219460277562394,-0.7032526393911597,0.7032526091028909,-0.5329273084781245,-0.5152297762624373,1.5050505304907758,-0.1364132923739816,0.129645032458656
83,False,29,5.9474369622953006e-05,0.060072134344827596,0.9399278655172413,0.57634911,0.7870300575862068,0.42365089827586216,0.4909877999999999,0.5090121731034482,0.00010371274137931035,0.0,0.6320560703448276,0.939328201724138,0.58826303,-1.0459780332226771,1.0459780294906844,0.5495933960544882,0.4024022468246384,-0.5495933575891829,-0.8220260318710857,0.8220259962837994,-0.5374332167729567,-0.7907409497238505,0.8471810874598649,1.4895543722994775,0.07314161604324441
84,False,24,4.9220167963823175e-05,0.0715469625,0.9284530375000001,0.5738304683333334,0.6882112975,0.42616952875,0.6176234116666667,0.382376573125,0.0,0.28950976975,0.3515493945833333,0.6918938149999999,0.610439315,-0.9866721932223439,0.9866721903901148,0.5378178473048799,-0.005750851443241801,-0.5378178611602207,-0.3353096539617304,0.335309651717705,-0.5380486317555407,0.27469540058127767,-0.35397175785421325,0.1725183247559928,0.19647826725711184
85,False,25,5.1271008295649145e-05,0.06138774352,0.938612244,0.0,0.128928768,1.0,0.673795228,0.32620476600000003,0.02006416384,0.0,0.13650202,0.0,0.5277475512,-1.0391785146424728,1.0391784471438705,-2.1450444047171686,-2.315766652323388,2.1450444064167824,-0.11941664703794433,0.1194166750491807,-0.41899106104688105,-0.7907409497238505,-1.2748224476171952,-3.5102725253424802,-0.2634240667027962
86,False,25,5.1271008295649145e-05,0.13559452728,0.8644054768000001,0.0,0.11818470399999999,1.0,0.73670738,0.26329261119999997,0.0237936738,0.0,0.48278323040000004,0.0,0.8092722644,-0.6556524535026265,0.6556524728003614,-2.1450444047171686,-2.360143074429503,2.1450444064167824,0.1223824357392011,-0.12238242424235751,-0.39686073957860546,-0.7907409497238505,0.2079824090644348,-3.5102725253424802,1.3023167848434583
87,False,108,0.0002214907558372043,0.28761206471296297,0.7123879387037035,0.44282934499999993,0.9132587531481481,0.5571706574074075,0.7109516546296298,0.2890483286574075,0.036766555750000006,0.011616279351851853,0.31770283787037035,0.7577279533333333,0.6004532408333334,0.13002621900804792,-0.13002620066277468,-0.07465916142607879,0.9237671489846547,0.07465917290066237,0.02339185009184373,-0.023391866652864853,-0.3198817125743472,-0.747991420796211,-0.4989055202664393,0.5229382259342067,0.14093925580907293
88,False,27,5.537268895930107e-05,0.2543454955555555,0.7456544755555556,0.231909862962963,0.58330032,0.7680901562962963,0.028754203703703702,0.9712457962962964,0.0400437752962963,0.10633607311111112,0.66168184,0.45459056074074067,0.20744744888888886,-0.0419067982999209,0.04190664913722107,-1.0607830216957306,-0.43906675696140535,1.0607831126639076,-2.598593134729461,2.5985932447846385,-0.3004352107927423,-0.39940936274799665,0.9740410897016176,-1.0905920464280474,-2.044819913775989
89,False,23,4.716932763199721e-05,0.2802568513043477,0.7197431343478261,0.5917807969565217,0.7583769791304348,0.408219207826087,0.6650986121739129,0.33490137304347817,0.04478158343478261,0.0,0.8158543934782607,1.0,1.0,0.09201195825565331,-0.09201203184315189,0.6217420404806389,0.2840558646555671,-0.6217420183991331,-0.15284156834747262,0.1528415633985058,-0.27232180761531405,-0.7907409497238505,1.6342207477330237,1.812496330596019,2.3630769708939128
90,False,79,0.0001620163862142513,0.06334680259493668,0.9366532041772156,0.8158721164556962,0.3270120011392406,0.1841278844303797,0.7022327379746834,0.29776724664556975,0.020645050468354433,0.5469688219493669,0.3828779408860759,0.7743815672151898,0.6893223737974683,-1.029053426712766,1.029053458747784,1.6694489422008032,-1.4976195186195242,-1.6694489390861877,-0.01011878311581408,0.010118772476196171,-0.41554417178797515,1.2221806380058464,-0.21982032481277994,0.6115815632433775,0.6351979315104497
91,False,24,4.9220167963823175e-05,0.22179025583333334,0.7782097416666667,0.17758142666666665,0.47846451041666666,0.8224186029166667,0.5276493866666666,0.4723505858333333,0.031229636749999998,0.05410972,0.3605017022916666,0.5435754054166667,0.44120154749999996,-0.21016342158262422,0.21016340827651564,-1.3147878523804089,-0.8720721949322016,1.3147879917989542,-0.6811194224587287,0.6811193811997474,-0.3527369130505522,-0.5916096297597082,-0.31563723391890863,-0.6169462865365034,-0.7447623193587746
92,False,160,0.0003281344530921545,0.1234434096375,0.8765565925625001,0.0,0.13262204000000002,1.0,0.712668806,0.2873311805,0.02515367316875,0.0,0.25914678737499997,0.0,0.627485426,-0.7184535890827264,0.7184535984660753,-2.1450444047171686,-2.3005122572244114,2.1450444064167824,0.029991618390105636,-0.02999162275931524,-0.38879071870457904,-0.7907409497238505,-0.7496473839740693,-3.5102725253424802,0.29128270573541715
93,False,31,6.357605028660493e-05,0.11238147787096775,0.8876185303225809,0.5434704993548387,0.6884066116129033,0.45652951129032265,0.7231259316129034,0.27687406000000003,0.02409773996774193,0.32085760090322585,0.34560098806451606,0.676179871612903,0.5530808674193549,-0.7756254392027518,0.7756254793826483,0.39587415619775446,-0.004944141662149825,-0.3958741065452061,0.07018295347089297,-0.07018293914517634,-0.3950564590935211,0.3900597934399901,-0.37944332781156154,0.08887663629117287,-0.1225291248026006
94,False,32,6.56268906184309e-05,0.12830075078125,0.8716992553125,0.30684871218750004,0.7224443981250002,0.6931513043749999,0.8219968625,0.1780031346875,0.025221346218750003,0.18450975625,0.30218274437500003,0.505048745625,0.27289067718750004,-0.6933491872735871,0.693349216860279,-0.7104171542672804,0.1356428077285676,0.7104172323766006,0.4501874461136261,-0.4501874194031539,-0.3883891575431125,-0.11171930059455086,-0.5653638475447365,-0.822014791398925,-1.6808478317534459
95,False,50,0.00010254201659129829,0.24388689819999995,0.7561131042000001,0.2780860694,0.5612455202,0.7219139209999998,0.5566399556,0.4433600184000001,0.038662089919999997,0.05954026667999999,0.5742290024000001,0.6553837014,0.519829668,-0.09596040964894137,0.09596042202759306,-0.8448927753110775,-0.5301601370260304,0.8448927311975344,-0.5696959096011869,0.5696958714564354,-0.30863391300118276,-0.5716244602094815,0.599560787481126,-0.021816570840863293,-0.3074605317189407
96,False,40,8.203361327303863e-05,0.125460756925,0.8745392455000001,0.46189204674999995,0.8812619655,0.5381079525,0.713327743,0.286672249125,0.025185473199999996,0.01823839115,0.4067361480000001,0.7641385935,0.6695695935,-0.7080272477171128,0.7080272582961947,0.014465773147666054,0.791610177961964,-0.014465776498821905,0.03252420322694156,-0.032524186037054634,-0.38860202235524316,-0.7236211253425409,-0.11765750362078446,0.5570605817599686,0.5253399560175753
97,False,189,0.0003876088227151075,0.14395610674074075,0.8560438886243386,0.5930859964550265,0.7559535228042328,0.40691400232804237,0.7212757196825397,0.2787242644444443,0.026615886550264548,0.0,0.9150816907407407,0.9999382025396826,1.0,-0.6124369484908816,0.6124369228831058,0.627844313990212,0.2740462145932374,-0.6278443199630604,0.06307177489119219,-0.0630717891679731,-0.3801141760662183,-0.7907409497238505,2.0591202625702203,1.8121673969988652,2.3630769708939128
98,False,44,9.02369746003425e-05,0.29434880227272725,0.7056511981818182,0.1735786877272727,0.45841962409090903,0.8264213188636362,0.7205318204545456,0.27946816261363633,0.04543346818181818,0.07948052527272727,0.6356408463636364,0.5342609213636362,0.3341318929545455,0.16484398485524487,-0.1648439817095075,-1.3335020855865842,-0.9548639892347027,1.3335021175207211,0.06021264282704656,-0.06021266110524692,-0.26845362676397166,-0.49824152616369244,0.8625313956231794,-0.6665251321631098,-1.3402458567619955
99,False,42,8.613529393669055e-05,0.061212329238095234,0.938787670952381,0.4874029792857143,0.7123630673809525,0.5125970238095238,0.5957629804761905,0.40423700214285724,0.015061323416666666,0.2965019891428571,0.3570396104761905,0.6245531690476189,0.5610774976190477,-1.0400851156996511,1.0400851136835503,0.13373848815831543,0.09400368602478654,-0.13373847361690172,-0.4193289100661798,0.4193289014707667,-0.4486771238300062,0.30042774362756414,-0.3304621981505392,-0.18592036825812167,-0.07805469683480595
100,False,34,6.972857128208283e-05,0.1335568595,0.866443140882353,0.5936918891176469,0.7548285276470589,0.40630810500000003,0.7073941158823529,0.2926058713235294,0.025694933911764705,0.0,0.9529370676470589,0.999942078235294,1.0,-0.6661838181296462,0.666183818283488,0.6306770784442202,0.26939962462857564,-0.6306771062316069,0.009718663295821911,-0.00971866446969161,-0.385578963173814,-0.7907409497238505,2.2212201254630473,1.8121880264307608,2.3630769708939128
101,False,20,4.101680663651931e-05,0.06083242459999999,0.9391675675,0.54046166,0.8153684875000001,0.4595383365,0.6553045849999999,0.3446954012499999,0.0176738183,0.38853522400000007,0.1975562485,0.6461235319999998,0.5377841200000002,-1.042048592919317,1.0420485490826779,0.3818067582937343,0.5194490298370106,-0.38180677476480485,-0.19048432435026516,0.19048432426564554,-0.4331749929274272,0.6391228900388335,-1.013383178544021,-0.07110631212389898,-0.20760422196912684
102,False,47,9.638949559582039e-05,0.12039512231914894,0.8796048821276594,0.4740499010638299,0.7644636074468087,0.5259501000000001,0.6707279131914894,0.3292720725531914,0.021410448063829787,0.34814671987234047,0.3480205017021276,0.615431215744681,0.5028624944680851,-0.7342081814419752,0.7342082023879517,0.07130808146722065,0.3091955871451615,-0.07130807637872127,-0.13120568752866904,0.13120568409155905,-0.41100242367077355,0.4904875591164398,-0.36908276978846344,-0.23447441720432521,-0.401825947927785
103,False,138,0.00028301596579198324,0.09702832900000001,0.9029716644927537,0.6689133955072464,0.5245262828985507,0.3310866134057971,0.7251529495652174,0.2748470369202899,0.023202645521739132,0.34469941755072464,0.49040958362318837,0.7443033960869565,0.6535707189130435,-0.8549757682996173,0.8549757322507203,0.9823644690058216,-0.6818223361625678,-0.9823644278709381,0.07797367539123556,-0.07797368095771194,-0.4003678077819451,0.47780100554309274,0.24063908594577813,0.4514824107184287,0.43635987595701253
104,False,46,9.433865526399442e-05,0.45228553658695636,0.5477144576086957,0.5288675160869564,0.7957564060869565,0.47113248065217406,0.7006166447826089,0.2993833416304348,0.03161104295652175,0.09071128682608695,0.514948628695652,0.7703741469565221,0.629392412826087,0.9811150931238878,-0.9811151197539758,0.32759999729834755,0.4384448583089269,-0.3276000126126348,-0.01633014036720835,0.01633013676585069,-0.3504737090235218,-0.4569107565289013,0.3457173117315413,0.5902509914978838,0.30188869177133504
105,False,44,9.02369746003425e-05,0.16521992022727272,0.8347800918181818,0.318178903409091,0.7434819372727273,0.6818210986363638,0.7357159504545456,0.26428404045454545,0.02866685093181819,0.39682111704545453,0.35122977386363635,0.0,0.7019266013636364,-0.5025382813059833,0.5025383422544151,-0.6574444663148861,0.2225345758056612,0.6574444765139579,0.11857193574662361,-0.11857192527721351,-0.36794407823283826,0.669616132643361,-0.35534040027900793,-3.5102725253424802,0.7052981858654368
106,False,76,0.0001558638652187734,0.19534688997368424,0.8046530980263157,0.31564865855263163,0.6872494931578949,0.6843513496052632,0.5805106905263158,0.4194892850000001,0.011871720539473685,0.09779236671052631,0.3940048240789473,0.6058116813157896,0.5527718113157896,-0.34683178851025603,0.34683172567421827,-0.669274264118206,-0.009723411125383616,0.6692743029035765,-0.4779501716649052,0.4779501372036891,-0.46760372217281293,-0.4308513944741735,-0.17217408833618786,-0.2856769754710565,-0.1242479855067698
107,False,48,9.844033592764635e-05,0.07414010762499999,0.9258598987500001,0.4594734202083333,0.8172476979166666,0.5405265904166666,0.7393612379166666,0.26063874927083336,0.020735166750000002,0.15214268733333333,0.23023765416666664,0.6785349772916667,0.5489392477083334,-0.9732699315238476,0.9732699616820346,0.003157830805004087,0.5272107701501919,-0.00315778096588869,0.13258237946503093,-0.13258238363266264,-0.4150094360442095,-0.2308346306451627,-0.8734386895267336,0.10141231945053979,-0.14556334833277007
108,False,40,8.203361327303863e-05,0.08634950290000001,0.9136505034999999,0.49364152624999996,0.8399953545000001,0.5063584750000001,0.7015795275000001,0.298420458,0.021351321275,0.32241126800000003,0.197292158,0.6404020284999999,0.50222447675,-0.9101675971892298,0.9101676276754759,0.1629059218893286,0.621165870423882,-0.1629059159959187,-0.012629358396069332,0.012629351197436219,-0.4113532726719088,0.3957775051517768,-1.01451403596349,-0.10156055276284151,-0.40537437674549365
109,False,76,0.0001558638652187734,0.12043941223684211,0.8795605894736841,0.4832709448684211,0.9181676463157893,0.5167290530263159,0.6819207921052632,0.31807919756578956,0.023395843671052633,0.012667170947368422,0.41104541605263156,0.7828369671052633,0.6894399042105261,-0.7339792759858917,0.7339792827905468,0.1144197524445954,0.944042448469195,-0.11441976220356576,-0.08818652876604764,0.08818653939622347,-0.39922140056028865,-0.7441239930853591,-0.09920486049352988,0.6565877024427664,0.6358515940856888
110,False,68,0.00013945714256416566,0.10099952672058823,0.8990004789705881,0.3610805427941177,0.7458487224999999,0.638919448235294,0.6759001897058823,0.324099793382353,0.015031344941176472,0.16199859976470585,0.2797231283823529,0.6031758325000001,0.5328478620588236,-0.8344512590484063,0.8344512861098111,-0.45686398966251973,0.23231015609631905,0.4568639482142247,-0.11132635297578374,0.11132633885582555,-0.44885501135593914,-0.19456349762303268,-0.6615377855838,-0.2997069894567032,-0.23505794219289644
111,False,29,5.9474369622953006e-05,0.12599111048275866,0.8740088896551725,0.51345704,0.8087926037931035,0.48654296344827586,0.7141234806896553,0.2858765043103448,0.02188338882758621,0.14381111786206896,0.25028061965517245,0.7065597948275862,0.5889579603448275,-0.7052861989785428,0.7052861977459077,0.2555505212580354,0.4922885260371479,-0.25555050515315086,0.03558257330924047,-0.03558258357662744,-0.40819606807724096,-0.26149596887026944,-0.7876130493358366,0.25058194542409157,0.07700657275524192
112,False,39,7.998277294121266e-05,0.061418579487179506,0.9385814323076921,0.13021837487179488,0.394482807948718,0.8697816130769231,0.6894366364102565,0.31056335076923075,0.019926453692307698,0.0,0.0,0.5732947784615385,0.4020453669230769,-1.0390191438082372,1.0390192017709827,-1.536227024423838,-1.2189434978123619,1.536226969344046,-0.059299831975843854,0.05929983234257933,-0.4198082112544312,-0.7907409497238505,-1.8593354160483953,-0.45875693327524153,-0.9625351422947698
113,False,24,4.9220167963823175e-05,0.28618785,0.71381215,0.36598371125,0.8322443970833334,0.6340162879166668,0.7075159466666667,0.29248404020833335,0.0,0.040941544,0.12500662208333332,0.6536752995833334,0.5184942554166666,0.12266538983039896,-0.1226653891668236,-0.4339399270839003,0.5891519362134642,0.43393992366378414,0.010186912607991415,-0.010186915064727423,-0.5380486317555407,-0.6400703549011456,-1.3240466946984375,-0.030909998824045288,-0.31488762403928183
114,False,24,4.9220167963823175e-05,0.023848987500000002,0.9761510124999999,0.9082571,0.17075384000000002,0.0917429,0.7838508575,0.21614913354166665,0.0,0.57610345,0.4296372,0.8252929,0.7664450400000001,-1.2331916561229535,1.2331916525138777,2.1013817144786135,-2.1430157221641264,-2.101381715815591,0.3035755638716643,-0.30357555729421953,-0.5380486317555407,1.3294001346209994,-0.01959329999422108,0.8825708198046859,1.0641269149765795
115,False,28,5.7423529291127036e-05,0.0659447039642857,0.9340553017857145,0.17814130214285714,0.48346456214285716,0.8218587085714285,0.7260338421428572,0.27396614660714286,0.020272229964285716,0.0,0.07123817621428571,0.6233841385714286,0.47385956607142854,-1.0156265831153037,1.0156266099098006,-1.3121702346974944,-0.8514203814327812,1.3121702858946351,0.08135933317796168,-0.0813593301215456,-0.4177564296163483,-0.7907409497238505,-1.554287638406445,-0.19214284726843048,-0.5631299744515781
116,False,38,7.79319326093867e-05,0.058689776184210535,0.9413102328947368,0.0768370708421053,0.2953660871052633,0.923162924210526,0.6710638842105262,0.3289360986842105,0.019839736342105264,0.0,0.0,0.5078659889473686,0.30745359763157903,-1.0531225334093537,1.0531225772908297,-1.7858036737100424,-1.6283272693463997,1.7858036520220513,-0.12991440306835036,0.12991438864692928,-0.4203227782772947,-0.7907409497238505,-1.8593354160483953,-0.807019256383021,-1.4886210965836906
117,False,30,6.152520995477898e-05,0.3329185999999999,0.6670813600000002,0.14954137066666667,0.43036112066666654,0.8504586586666668,0.7389177700000003,0.26108221249999997,0.057145722,0.0,0.8463813699999999,0.5941341400000001,0.58826303,0.3641859028279136,-0.36418610813693747,-1.4458851222857168,-1.0707545862769439,1.4458852606291703,0.1308779371262754,-0.13087795926948056,-0.1989549674509927,-0.7907409497238505,1.7649397925057775,-0.3478338287006758,0.07314161604324441
118,False,69,0.00014150798289599162,0.5498032844927535,0.45019671591304344,0.5042677999999999,0.9148228872463768,0.4957321927536232,0.7291142208695652,0.27088576094202904,0.06830461042028986,0.001833287536231884,0.42306055478260873,0.8190908627536232,0.591460023478261,1.4851201968418999,-1.4851201897875852,0.21258754441859304,0.9302275232874853,-0.21258757828430486,0.09319858405471192,-0.09319860794731617,-0.13273989077383255,-0.783994195777172,-0.04775504015261744,0.8495588091063009,0.09092216267498554
119,False,441,0.0009044205863352508,0.36514173879818596,0.6348582598594105,0.27798786678004533,0.6688565057142858,0.7220121368253968,0.7340950681632653,0.265904913968254,0.051280424979591836,0.0,0.1802988897052154,0.6848206337414967,0.5882630300000001,0.530726114849506,-0.5307261198380288,-0.8453519076100148,-0.0856923344853025,0.8453519252369558,0.11234217187967943,-0.11234219499812544,-0.23375871109578825,-0.7907409497238505,-1.087280619889005,0.13486941584082407,0.07314161604324503
120,False,40,8.203361327303863e-05,0.087662827375,0.9123371687499999,0.6232712455,0.68715671375,0.37672874749999996,0.7961829220000001,0.203817066,0.021955987825000002,0.2843329563,0.29192550525,0.71986779725,0.610289192,-0.9033798867216214,0.9033798641245403,0.768971127046785,-0.010106619766685289,-0.7689711601584635,0.3509731141072468,-0.3509731203479239,-0.40776527712393257,0.25564400472288806,-0.6092861960115388,0.32141736625286993,0.19564333624453753
121,False,49,0.00010049117625947232,0.5730052914285714,0.42699470179591836,0.3420121200000001,0.7877347024489795,0.6579878812244898,0.7399066440816328,0.26009333897959186,0.06985159046938776,0.0,0.24047502408163265,0.7187259271428572,0.5885975348979593,1.605036111260364,-1.6050361409436176,-0.5460156721594793,0.40531265557362806,0.5460156784405655,0.13467861534692874,-0.13467863542352532,-0.12356035615434459,-0.7907409497238505,-0.8296014226648583,0.31533945560904286,0.07500201393806465
122,False,46,9.433865526399442e-05,0.47072385347826085,0.5292761417391304,0.4736445873913045,0.9571499302173914,0.5263554184782607,0.7368459308695653,0.26315405195652175,0.0629256783478261,0.010946750304347828,0.36404332586956517,0.7827729954347826,0.6008274204347827,1.0764106266729665,-1.0764106477220565,0.0694130953829071,1.1050517541730605,-0.06941306782452504,0.1229149476961734,-0.12291496839663198,-0.16465762184208282,-0.7504553811157951,-0.30047170808578605,0.6562471960274696,0.14302031036781848
123,False,30,6.152520995477898e-05,0.07260202700000003,0.9273979683333337,0.40626307899999997,0.8395742693333335,0.5937369143333334,0.6590454579999999,0.3409545283333333,0.020533193333333335,0.12303116300000001,0.20539790833333338,0.6643345149999997,0.532493701,-0.9812192587137929,0.9812192317798178,-0.24561950627101364,0.6194266539506164,0.2456194754433152,-0.1761065033501856,0.17610650324378313,-0.41620791431261966,-0.33796910235680544,-0.9798045409047437,0.02582654102452597,-0.23702766070010617
124,False,20,4.101680663651931e-05,0.4825659030000001,0.5174341045,0.24320450100000005,0.604271853,0.7567954990000001,0.7389177699999999,0.26108221249999997,0.07260514159999998,0.0,0.14994290999999998,0.6677234859999999,0.58826303,1.1376143924039346,-1.1376143497794289,-1.00797655757083,-0.35244761539446073,1.0079765584573346,0.13087793712627413,-0.13087795926948056,-0.10722121981918323,-0.7907409497238505,-1.2172674421142933,0.04386525031700541,0.07314161604324441
125,False,33,6.767773095025687e-05,0.0626227682121212,0.9373772372727274,0.5368550406060607,0.6649839463636363,0.4631449603030303,0.6588889842424243,0.3411109990909091,0.017383342969696968,0.3039583756969697,0.2943953533333333,0.6619717524242423,0.5744466975757575,-1.032795484256577,1.032795509626576,0.3649445253462333,-0.10168724370916803,-0.36494452119117127,-0.17670790085222127,0.17670788922980715,-0.43489862753550046,0.32786828659624573,-0.5987101017181118,0.013250101972307428,-0.003699936690391793
126,False,21,4.306764696834528e-05,0.09490867195238094,0.9050913190476192,0.2865676219047619,0.6847871314285713,0.7134323428571427,0.6130546714285713,0.3869453116666667,0.02237849328571428,0.3212703466666667,0.29427315761904765,0.0,0.6490613580952382,-0.8659308815284817,0.8659308325616588,-0.8052384901009192,-0.01989375295119602,0.8052383260917735,-0.35286933303642654,0.35286932469004983,-0.405258196631323,0.39157875544318627,-0.5992333538991906,-3.5102725253424802,0.4112804064974917
127,False,23,4.716932763199721e-05,0.09221255991304349,0.9077874391304349,0.24471769000000007,0.6070815252173914,0.7552822778260869,0.6184987060869563,0.38150128260869565,0.022169575652173912,0.22848357391304347,0.2969384508695653,0.0,0.6485295113043479,-0.8798653114881884,0.8798653040489034,-1.0009018589057934,-0.3408427701237338,1.0009017093627115,-0.3319455123570052,0.3319455250376756,-0.40649788078292126,0.050110484425670294,-0.5878203471935045,-3.5102725253424802,0.4083224628136304
128,False,22,4.511848730017125e-05,0.35442608181818175,0.6455738909090908,0.16532980181818185,0.45933883636363626,0.8346702090909092,0.7389177699999998,0.2610822125,0.06523908572727274,0.02318487272727273,0.8526928418181818,0.5848956636363637,0.4053887581818181,0.47534393136398484,-0.47534407054382083,-1.3720685714182164,-0.9510673484273076,1.3720686235689747,0.1308779371262737,-0.13087795926948034,-0.15093022882173138,-0.7054173829158451,1.7919660381804963,-0.39700810296536354,-0.9439403830034433
129,False,38,7.79319326093867e-05,0.17295886052631584,0.8270411402631579,0.0,0.13430080000000003,1.0,0.7621289421052632,0.23787104447368418,0.029601801289473685,0.0,0.49710384868421054,0.0,0.8207753336842105,-0.4625407886254242,0.4625407915251365,-2.1450444047171686,-2.293578441270331,2.1450444064167824,0.22008868492004086,-0.22008869350851354,-0.3623962308765611,-0.7907409497238505,0.2693044840276771,-3.5102725253424802,1.3662927864233272
130,False,34,6.972857128208283e-05,0.38880606529411765,0.6111939358823529,0.4474430623529412,0.9834955241176473,0.5525569417647059,0.73891777,0.2610822125,0.06588565588235294,0.0,0.3495389476470589,0.7801685064705882,0.58826303,0.6530314550171284,-0.6530314466018319,-0.053088386065097255,1.213867486800308,0.05308840552023687,0.13087793712627455,-0.13087795926948034,-0.14709358391739183,-0.7907409497238505,-0.3625806583422438,0.6423841032832202,0.07314161604324441
131,False,33,6.767773095025687e-05,0.11929804284848486,0.8807019633333334,0.6604759906060607,0.5901932733333333,0.33952400242424235,0.7171525042424242,0.2828474816666667,0.02345222778787879,0.46486605284848476,0.3444669215151515,0.7014853636363636,0.5834631248484848,-0.7398782637015973,0.7398782935968309,0.942916589599621,-0.4105966541513562,-0.9429166226940091,0.04722444365520943,-0.047224450705537775,-0.39888682614047194,0.9200309912553207,-0.3842994948131019,0.22357192111784882,0.046446241794037516
132,False,18,3.691512597286738e-05,0.36520904444444446,0.6347909666666668,0.2346111288888889,0.5883159655555557,0.7653888588888891,0.73891777,0.2610822125,0.07091416377777778,0.0,0.14201376444444444,0.6632565055555556,0.58826303,0.531073973469622,-0.531073914093021,-1.0481536393515183,-0.41835053595713767,1.0481535831235025,0.13087793712627455,-0.13087795926948034,-0.11725521441977733,-0.7907409497238505,-1.2512207008704703,0.020088545927231142,0.07314161604324441
133,False,43,8.818613426851652e-05,0.2650423530232558,0.7349576148837209,0.24518964511627903,0.5002859004651161,0.7548103790697674,0.7529168967441863,0.2470830873255814,0.040540587348837205,0.0823185111627907,0.6587291590697674,0.6154546981395347,0.45970489953488386,0.013378222870513372,-0.01337838841905971,-0.9986953002861526,-0.7819428718257715,0.9986954142444195,0.1846827411079479,-0.18468275849794227,-0.2974872067520066,-0.4877973420812774,0.9613974651211137,-0.23434942584433496,-0.6418532218154359
134,False,46,9.433865526399442e-05,0.26783526239130434,0.7321647095652174,0.2747116528260869,0.5307561389130435,0.725288365,0.7141171273913045,0.2858828535869565,0.039374317326086955,0.10231605395652174,0.6397676136956522,0.6229101213043479,0.47644977499999996,0.027812934560923885,-0.02781307913454786,-0.8606693771967241,-0.6560910374510701,0.8606694613212088,0.035558154788096576,-0.035558180512215785,-0.3044076683673648,-0.41420359418246944,0.8802025555317393,-0.19466593161482493,-0.5487241488052059
135,False,30,6.152520995477898e-05,0.25600190833333325,0.7439980646666667,0.4087696636666667,0.7671563489999997,0.5912303390000001,0.7975413580000003,0.20245862933333333,0.041024612499999995,0.10793044079999996,0.6721097946666668,0.6613648703333332,0.5219409143333334,-0.033345890036635684,0.03334575066333747,-0.23390032829980995,0.3203174713583492,0.23390034110039631,0.35619418139503406,-0.35619419032222077,-0.29461507815901494,-0.3935418671779473,1.0186944562736244,0.010019808879589693,-0.2957185265706073
136,False,71,0.00014560966355964356,0.31229476000000006,0.6877052478873239,0.47101155309859144,0.947199572253521,0.5289884435211266,0.7524836394366197,0.24751634464788738,0.04012485316901408,0.013031238591549298,0.3613448409859155,0.7794311564788734,0.6034713159154931,0.2575948376988789,-0.25759479584571643,0.05710272027731761,1.0639535919588694,-0.057102735956469475,0.1830175426328409,-0.1830175599265678,-0.29995410753616103,-0.7427841733534888,-0.31202684411680437,0.6384593597113939,0.1577247216229183
137,False,52,0.00010664369725495022,0.1298602219423077,0.8701397876923077,0.40658022346153844,0.6473563582692307,0.5934197824999999,0.5879351746153846,0.41206480153846164,0.021616178961538467,0.24279299657692308,0.4997637567307693,0.6101913138461538,0.5287991353846153,-0.685289306470829,0.685289354383324,-0.24413674271757133,-0.17449482285148032,0.2441367709301782,-0.44941461238487374,0.44941457965662956,-0.4097816491049241,0.10277115653750452,0.28069443084346846,-0.26236520383797873,-0.25757552751781043
138,False,23,4.716932763199721e-05,0.15182526808695654,0.8481747360869566,0.5690991186956522,0.6617353691304348,0.430900882173913,0.6446888052173911,0.3553111739130435,0.023398798043478265,0.16744042869565218,0.4346955682608695,0.7479865921739131,0.6459139326086957,-0.5717664288609109,0.5717664489083667,0.5156970990272205,-0.11510490713195325,-0.515697095164758,-0.2312854372163289,0.23128541073880624,-0.39920386978219247,-0.17453680781502037,0.0020670523403378887,0.4710872121403956,0.39377553949856303
139,False,20,4.101680663651931e-05,0.469608232,0.5303917579999999,0.40253638900000005,0.9001142509999998,0.5974636,0.7389177699999999,0.26108221249999997,0.0657476565,0.0,0.29755316,0.750881635,0.58826303,1.070644712970734,-1.070644761003258,-0.26304311215765674,0.8694761492567155,0.26304306108253767,0.13087793712627413,-0.13087795926948056,-0.14791245039761275,-0.7907409497238505,-0.5851881117251052,0.4864968559316996,0.07314161604324441
140,False,20,4.101680663651931e-05,0.32267696,0.6773230399999999,0.30835081000000003,0.725233413,0.6916491900000001,0.7389177699999999,0.26108221249999997,0.054138053,0.18900387000000002,0.9743719000000002,0.495259824,0.58826303,0.3112536013618373,-0.31125360010397307,-0.7033943108624924,0.14716233156547187,0.7033943115311925,0.13087793712627413,-0.13087795926948056,-0.21680199897900798,-0.09518033489473746,2.3130058549815025,-0.8741189585576978,0.07314161604324441
141,False,28,5.7423529291127036e-05,0.3905737739285714,0.6094262345714287,0.49143423999999997,0.9054482596428571,0.5085657560714285,0.6930027242857145,0.3069972608928571,0.05187961532142856,0.003304349785714286,0.42611143071428575,0.8071422860714286,0.6026759689285714,0.6621675783668158,-0.6621675320722215,0.15258607084215078,0.8915073116784121,-0.15258608915303165,-0.04559378711843,0.04559377946867877,-0.2302032104997977,-0.7785804814299373,-0.034690936433567424,0.7859592972695223,0.15330128307493998
142,False,20,4.101680663651931e-05,0.412198182,0.5878018105,0.3026673865,0.7146806640000001,0.697332599,0.7292433009999999,0.270756681,0.06580781125000001,0.0,0.2017744915,0.696923483,0.5863861065000001,0.7739299218061797,-0.7739299578528711,-0.7299663442623426,0.10357610162455974,0.7299662771573682,0.09369469579388524,-0.093694718974167,-0.14755550163768932,-0.7907409497238505,-0.9953203122399611,0.19929008494210348,0.06270283159063661
143,False,48,9.844033592764635e-05,0.10581901008333333,0.8941809924999999,0.45094234958333335,0.8528621541666667,0.549057646875,0.7940092904166667,0.2059907,0.02058112804166667,0.1337953305,0.21669530041666665,0.6801602658333333,0.5541362429166666,-0.809542519211079,0.8095425302885807,-0.03672796929136043,0.6743098700466331,0.036727952924775285,0.34261889148988267,-0.34261888824348696,-0.41592347734468493,-0.29835546394599644,-0.9314281712205422,0.11006335468203679,-0.1166594996777613
144,False,22,4.511848730017125e-05,0.14174850181818183,0.8582514681818182,0.13869731,0.41022622999999997,0.8613026999999999,0.8866591136363638,0.11334087863636365,0.026194068090909094,0.04094154400000002,0.4218442227272728,0.0,0.7598637663636364,-0.623846606443991,0.6238464497048481,-1.4965849763832815,-1.1539181273061545,1.4965850243727548,0.6987129299514417,-0.6987129280433947,-0.38261718000156336,-0.6400703549011455,-0.0529634748722094,-3.5102725253424802,1.0275241994617306
145,False,34,6.972857128208283e-05,0.3385375111764706,0.6614624688235293,0.0,0.1343008,1.0,0.6963157394117647,0.30368424264705884,0.05413141823529411,0.0,0.3275704035294118,0.0,0.6833569770588235,0.39322635926887956,-0.39322646111954435,-2.1450444047171686,-2.293578441270331,2.1450444064167824,-0.03286041219420634,0.03286039225094429,-0.2168413686220395,-0.7907409497238505,-0.4566517858927202,-3.5102725253424802,0.6020205054038418
146,False,20,4.101680663651931e-05,0.34829875999999993,0.6517012,0.40697604299999995,0.908357672,0.593023934,0.7389177699999999,0.26108221249999997,0.06255952999999999,0.39601842,0.18223682,0.5119179640000001,0.58826303,0.44367583468614125,-0.443676039744673,-0.24228614509866914,0.9035241156402385,0.2422860379044233,0.13087793712627413,-0.13087795926948056,-0.1668302881519671,0.6666620955093178,-1.0789822416729369,-0.785451529767834,0.07314161604324441
147,False,38,7.79319326093867e-05,0.17014049013157895,0.8298595039473685,0.48241732078947364,0.8751629844736842,0.5175826857894738,0.7033968184210528,0.2966031646052631,0.026807174500000006,0.03652176078947369,0.33651496342105264,0.75696492,0.6238289697368421,-0.477107091617648,0.4771070597891614,0.11042875519853267,0.7664194348278041,-0.11042872435286583,-0.00564470974107194,0.005644692868806764,-0.3789791036663438,-0.6563357738437581,-0.4183504387509443,0.5188767758714974,0.27094678965173274
148,False,48,9.844033592764635e-05,0.09298698791666667,0.9070129927083334,0.33238471124999996,0.76985883125,0.6676152887500001,0.7176432625000001,0.28235671749999997,0.022194094229166666,0.4332996893749999,0.36445982479166666,0.0,0.7133070145833335,-0.8758628024611621,0.875862699841489,-0.5910272442971203,0.3314795877660971,0.5910272448854669,0.04911064358280327,-0.04911067338924362,-0.40635239142999985,0.8038623689644842,-0.2986882251651235,-3.5102725253424802,0.7685920178101229
149,False,48,9.844033592764635e-05,0.09381318,0.9061868000000001,0.31753333625,0.7422832708333335,0.6824666625000001,0.75761121625,0.24238876625000003,0.022256754,0.3961009174999999,0.3636026154166667,0.0,0.7125897499999999,-0.8715927589501731,0.8715926531137422,-0.6604627232005839,0.21758369987277643,0.6604627179943874,0.20272507656594713,-0.20272510041850322,-0.4059805782731662,0.6669656978208568,-0.3023588667889491,-3.5102725253424802,0.7646028459653946
150,False,43,8.818613426851652e-05,0.09381318000000001,0.9061868000000001,0.28857215999999997,0.6885091000000001,0.7114277999999999,0.7442982706976746,0.25570171069767444,0.022256754000000004,0.32702319999999996,0.36286567720930235,0.0,0.7120529911627906,-0.8715927589501731,0.8715926531137422,-0.7958665590424757,-0.004520831830154879,0.7958663727630239,0.1515575688384358,-0.15155759571930072,-0.4059805782731662,0.4127500584517172,-0.3055144973000354,-3.5102725253424802,0.7616175832177865
151,False,48,9.844033592764635e-05,0.19111373602083334,0.8088862566666665,0.43860105625,0.8524714154166665,0.5613989129166667,0.8948111904166667,0.10518880500000001,0.032090164208333334,0.3578696170833333,0.5904734797916666,0.5712658097916666,0.3728249433333333,-0.36871017724337096,0.3687101385649928,-0.09442792050046571,0.6726959939841651,0.09442777657685851,0.730044948099638,-0.7300449348534845,-0.34763067939266035,0.5262691775668898,0.6691209866695083,-0.46955666452091066,-1.125048800132846
152,False,24,4.9220167963823175e-05,0.4248891625,0.5751108383333333,0.22500879,0.5704866375000001,0.7749912058333334,0.73891777,0.2610822125,0.056193293750000005,0.0,0.13191433,0.6575668533333333,0.58826303,0.839521253441162,-0.8395212462116397,-1.0930480009404862,-0.4919913656898839,1.0930479824071706,0.13087793712627455,-0.13087795926948034,-0.2046065258525064,-0.7907409497238505,-1.2944673166099185,-0.010196157722334913,0.07314161604324441
153,False,44,9.02369746003425e-05,0.36901504204545454,0.6309849281818182,0.5205993118181819,0.8905445038636363,0.47940068977272715,0.9789316790909091,0.021068319431818184,0.07341447877272728,0.41545369113636355,0.8920766863636366,0.6303609863636365,0.4615854295454546,0.5507446719510988,-0.5507448238141827,0.2889431912400518,0.8299500315444561,-0.2889431838428992,1.053357000820344,-1.0533569833283076,-0.10241874120918365,0.7381866052507297,1.9606109262451321,-0.1550066991274432,-0.6313943792270142
154,False,22,4.511848730017125e-05,0.3755534268181819,0.6244465895454545,0.4223681345454546,0.9369372399999999,0.5776318472727273,0.7524872227272726,0.24751276136363637,0.054602874636363624,0.0,0.3286456786363637,0.7639894172727272,0.5915084363636365,0.5845372826942229,-0.5845371960022975,-0.17032262335171988,1.0215668761057761,0.1703225386327338,0.1830313147955419,-0.1830313320649909,-0.21404382100161576,-0.7907409497238505,-0.45204736872259615,0.5562665511833944,0.09119141801499467
155,False,20,4.101680663651931e-05,0.33056775000000005,0.6694323000000001,0.056530170000000005,0.2576609000000001,0.9434697999999999,0.7389177699999999,0.26108221249999997,0.056544190000000015,0.0,0.42192157999999996,0.47661060000000016,0.58826303,0.35203590527854467,-0.3520356454750484,-1.8807456831210723,-1.7840617566477779,1.8807455443709797,0.13087793712627413,-0.13087795926948056,-0.20252436307568075,-0.7907409497238505,-0.052632224615901814,-0.9733844672523179,0.07314161604324441
156,False,27,5.537268895930107e-05,0.3325214666666667,0.6674785814814815,0.0602998525925926,0.2604455251851852,0.9397001577777777,0.740304648888889,0.2596953342592593,0.05765814148148149,0.00913386,0.4123277696296295,0.46004015888888883,0.5854627266666668,0.3621333818134842,-0.3621331315491727,-1.8631210715190678,-1.7725603636343807,1.863121121502263,0.13620832295151777,-0.13620834273042237,-0.19591435139863808,-0.7571270704029506,-0.09371371614365544,-1.0615850951277042,0.05756731964885943
157,False,23,4.716932763199721e-05,0.30984962956521733,0.6901503478260871,0.30297782782608684,0.7152570665217393,0.6970221695652172,0.7535253217391304,0.24647466304347826,0.051078074826086936,0.11654519304347828,0.5977081852173914,0.5511591739130435,0.35533111217391317,0.24495756658821707,-0.24495768238874582,-0.7285149202596315,0.1059568284712843,0.7285149087497098,0.18702118608303306,-0.18702120078890064,-0.2349594248609335,-0.36183837683632486,0.700100595206552,-0.5765796397733416,-1.2223432997347266
158,False,23,4.716932763199721e-05,0.30657616086956513,0.6934238234782609,0.40274300304347826,0.8620821682608693,0.5972570252173912,0.7419085913043477,0.258091392173913,0.05076423117391304,0.2068433830434783,0.5892161895652175,0.6046275913043477,0.43961928217391305,0.228039159786374,-0.2280392396865319,-0.26207711775935416,0.7123914783904275,0.2620772502421222,0.14237297942178556,-0.14237299807858914,-0.2368217233901982,-0.029528437604096115,0.6637371656649449,-0.2919796129065869,-0.7535623192979608
159,False,27,5.537268895930107e-05,0.2854981655555555,0.7145018148148148,0.41704973851851856,0.7638705503703703,0.5829502733333334,0.7390994933333334,0.2609004890740741,0.046206714111111095,0.15102529222222227,0.5463229966666667,0.6449493592592594,0.5045435840740741,0.1191008645268538,-0.11910096532715679,-0.19518802302875862,0.3067460716585589,0.1951880787456809,0.13157637985827972,-0.1315764023739766,-0.26386530787682017,-0.23494680057317235,0.48006495695606294,-0.07735616221980385,-0.3924763223077533
160,False,49,0.00010049117625947232,0.1860261293877551,0.8139738718367349,0.21829880736734697,0.5375814316326532,0.7817011936734692,0.6166973310204081,0.383302646734694,0.01252172657142857,0.05091705273469388,0.31884631612244896,0.563609433877551,0.5464202677551021,-0.39500466992646766,0.39500467528731614,-1.1244195646867512,-0.6279003946251163,1.1244195705227102,-0.33886898937983817,0.3388689601758802,-0.46374668931923135,-0.6033590907945595,-0.4940090515734559,-0.5103097837859228,-0.1595730236190683
161,False,23,4.716932763199721e-05,0.3932367417391304,0.6067632513043478,0.4736609969565216,0.9626232626086957,0.5263390008695652,0.745646836521739,0.2543531469565217,0.047965790565217395,0.0017800671304347827,0.3875310452173913,0.7952477291304348,0.594109815652174,0.6759307076061729,-0.6759307411528034,0.06948981595722742,1.1276583682553658,-0.06948982600503283,0.15674070069702134,-0.1567407196956544,-0.2534272267792578,-0.7841900542967764,-0.19989534622918662,0.7226473200288138,0.10565936925143184
162,False,32,6.56268906184309e-05,0.063730957125,0.936269059375,0.251106559375,0.61894416875,0.7488934125,0.6574786781249999,0.34252130578124995,0.020074628187500002,0.239432390625,0.1808258321875,0.0,0.5638601009374999,-1.027067984596575,1.027068066914696,-0.9710316142513563,-0.29184625663522423,0.9710314836170275,-0.18212832782518823,0.1821283185337046,-0.41892896726603196,0.090403657702068,-1.0850242084856232,-3.5102725253424802,-0.06257884166093458
163,False,20,4.101680663651931e-05,0.37795107099999997,0.622048923,0.40116589550000004,0.869583647,0.5988340910000001,0.7453343649999999,0.25466561825,0.05395759234999999,0.006141231600000001,0.282513144,0.7374253505,0.5967688380000001,0.5969291285939402,-0.5969291574458929,-0.26945065842906835,0.743374985836745,0.2694505956701393,0.15553973514508015,-0.15553975499244715,-0.21787282389694818,-0.7681403605004448,-0.649590707360047,0.41487216387845155,0.12044791078955276
164,False,111,0.0002276432768326822,0.09006539774774774,0.9099345956756757,0.2775780457657657,0.5933804696396394,0.7224219537837839,0.600254624864865,0.3997453522522521,0.01471793626126126,0.11525816241441447,0.4930934245045046,0.5118419582882884,0.5446824672972974,-0.8909625805808327,0.8909625440602095,-0.8472679671257975,-0.39743251359674936,0.8472679657913638,-0.4020655442645677,0.40206551411209274,-0.4507147288287064,-0.366574829141008,0.25213151514451937,-0.7858560906030067,-0.16923805493263397
165,False,48,9.844033592764635e-05,0.10778959927083336,0.8922104041666666,0.41095689166666666,0.7405884264583333,0.5890431102083333,0.6076764304166667,0.39232354802083336,0.014569966083333332,0.17352062116666667,0.31138325020833335,0.6242516129166666,0.55692978125,-0.7993578397126253,0.7993578552368475,-0.22367425673060773,0.21058345030341616,0.22367426582255645,-0.3735402797818652,0.3735402540255446,-0.45159276043081614,-0.15216085110356162,-0.5259665186575139,-0.18752548184027182,-0.10112282781992263
166,False,59,0.00012099957957773197,0.37023539813559325,0.6297645974576271,0.5922622655932204,0.7574830152542373,0.40773774101694915,0.7354352352542373,0.26456474720338985,0.07444746711864406,0.0,0.9999048669491526,0.9998201389830509,0.9999045072881356,0.5570518899805535,-0.5570519107238613,0.6239930782038239,0.28036350780458813,-0.623993047579429,0.11749302371137538,-0.117493045698992,-0.09628915195662657,-0.7907409497238505,2.4223401366595674,1.8115389719766046,2.3625458742157868
167,False,34,6.972857128208283e-05,0.1860661844117647,0.8139338149999998,0.5620148317647059,0.8128802314705883,0.4379851747058824,0.7871539652941176,0.21284602352941176,0.02761748364705882,0.025287424235294124,0.383329154117647,0.7963883117647059,0.7078816108823529,-0.39479765185064114,0.3947976478433566,0.48257552908909646,0.5091717362664153,-0.48257549901616686,0.316270860559841,-0.31627086280971417,-0.3741708575145904,-0.697679699980415,-0.21788819234044687,0.7287183777521362,0.7384178419297956
168,False,35,7.17794116139088e-05,0.32973009657142865,0.6702699000571429,0.4524502302857143,0.9709486885714286,0.5475497582857143,0.7390579565714286,0.2609420258571429,0.04506348231428571,0.0023395168,0.3512636551428571,0.7776868828571428,0.5925862745714285,0.34770662561188637,-0.34770664166384496,-0.02967808881233996,1.1620450413741634,0.029678035566618542,0.13141673580524993,-0.13141675823580604,-0.27064906430805385,-0.7821312014482673,-0.35519531783193803,0.6291749944014114,0.09718597278823234
169,False,38,7.79319326093867e-05,0.06603348802631581,0.9339665249999998,0.21788388894736843,0.5572573736842102,0.7821160926315791,0.7448580242105265,0.2551419603947368,0.020246365368421053,0.1725981163157895,0.18100920736842105,0.0,0.5640655200000001,-1.0151677166899302,1.015167781092362,-1.1263594563935513,-0.546632458226436,1.126359371239715,0.15370894789138675,-0.1537089624863231,-0.41790990603208944,-0.1555557976793061,-1.0842389807553905,-3.5102725253424802,-0.06143637351244797
170,False,21,4.306764696834528e-05,0.25374386880952376,0.7462561233333332,0.5256220442857142,0.8618750542857141,0.4743779661904762,0.7584295885714285,0.24157039523809523,0.03815443614285715,0.019355093333333333,0.4311133,0.8172644819047621,0.6098618671428572,-0.04501621127391803,0.045016170800681474,0.3124262582481293,0.7115360314026247,-0.31242620932590737,0.2058704414978541,-0.2058704603921674,-0.31164625011872604,-0.7195115054854431,-0.013272517395536585,0.8398374060049004,0.19326670657638356
171,False,41,8.40844536048646e-05,0.26788605024390244,0.7321139590243902,0.4664588504878049,0.9363587714634145,0.5335411504878049,0.7130871624390244,0.2869128204878049,0.03895910136585366,0.005960851658536586,0.3898031431707317,0.7861567882926829,0.6051218714634146,0.02807542356898678,-0.028075375301779254,0.035817210613396634,1.0191776159566723,-0.03581720591197867,0.03159954627071596,-0.03159956441144839,-0.3068714941185425,-0.7688041838548931,-0.19016603438989316,0.6742583432664482,0.16690452761490956
172,False,43,8.818613426851652e-05,0.3051980895348837,0.694801913255814,0.3969367206976744,0.8845730006976742,0.6030632776744186,0.7345599372093023,0.2654400453488372,0.04217731918604651,0.0009521289302325582,0.29894868069767444,0.7458787909302325,0.5931257588372093,0.22091681538361074,-0.22091679998713928,-0.28922356011432937,0.8052858127627425,0.2892235528758114,0.11412886817554359,-0.11412888969680843,-0.28777509923566064,-0.7872369824023921,-0.5792123763806402,0.4598678733260241,0.10018639340530015
173,False,107,0.00021943991550537833,0.08127063676635513,0.9187293665420562,0.5101567313084112,0.7787981288785046,0.48984327317757015,0.7305481366355142,0.26945184929906546,0.020089546219626168,0.2651506330093458,0.24771482523364483,0.6645277691588785,0.552905971682243,-0.9364169159791833,0.936416930404323,0.2401204001729686,0.36840174728550357,-0.2401203792054066,0.09870975329569022,-0.09870976147296592,-0.4188404460259315,0.18505037834953272,-0.7985999938053128,0.026855188242686207,-0.12350183301441187
174,False,23,4.716932763199721e-05,0.438156695652174,0.5618433109565217,0.4238314673913044,0.939654265652174,0.5761685295652175,0.763248647826087,0.23675133695652176,0.04665810773913044,0.0,0.344249157826087,0.7653448434782608,0.5984583795652175,0.908092406549653,-0.9080923692549954,-0.16348102000208048,1.0327890614179653,0.16348100605534463,0.2243922066987194,-0.2243922222936989,-0.26118680957437845,-0.7907409497238505,-0.3852319769867109,0.5634811715767317,0.12984454321651465
175,False,26,5.332184862747511e-05,0.21852165307692312,0.7814783619230771,0.1993805692307692,0.5229009776923077,0.8006194000000002,0.7435031692307693,0.2564968173076923,0.03522347442307693,0.14030382230769228,0.36628871,0.0,0.6007876711538462,-0.22705667954474315,0.22705675663139085,-1.2128690803055442,-0.688535366714462,1.2128689374814303,0.14850164404011595,-0.1485016510810308,-0.32903811279388195,-0.27440330591151446,-0.2908567870512931,-3.5102725253424802,0.14279923893052152
176,False,29,5.9474369622953006e-05,0.23037195724137938,0.7696280600000003,0.22353549000000003,0.5677510827586205,0.7764644903448278,0.7505030696551727,0.2494969146551724,0.036610599034482764,0.18570462482758623,0.38110574137931036,0.0,0.5939137303448276,-0.16581025099446164,0.16581033985832877,-1.0999362042932714,-0.5032900820692578,1.0999361133505898,0.1754053414712908,-0.1754053577159172,-0.3208071350257014,-0.10732201749941701,-0.2274090300521005,-3.5102725253424802,0.10456881214683363
177,False,20,4.101680663651931e-05,0.228429704,0.7715703139999999,0.33704537749999997,0.7785126065,0.6629546204999999,0.7650259929999998,0.23497399125,0.03639280210000001,0.445804769,0.38152989600000004,0.0,0.5937472470000001,-0.17584848062332553,0.17584857337636864,-0.5692369660853075,0.36722244850347247,0.5692369573073571,0.23122332627050743,-0.23122334407505998,-0.3220995075428962,0.8498828069187551,-0.22559276479527035,-3.5102725253424802,0.10364289068460915
178,False,24,4.9220167963823175e-05,0.17996107541666664,0.8200389275000001,0.19768413499999996,0.5197511075,0.8023158524999999,0.888138505,0.11186149062499999,0.030527847083333337,0.13933716100000001,0.30666776791666667,0.0,0.6294128575,-0.42635094505483384,0.426350959062651,-1.2208005158286317,-0.701545338474991,1.2208004584253627,0.7043988819245304,-0.704398867267502,-0.3569012217916521,-0.27796075440984386,-0.5461586048397319,-3.5102725253424802,0.3020023978143256
179,False,20,4.101680663651931e-05,0.42502179800000006,0.5749781969999999,0.25077573999999997,0.618329887,0.74922426,0.7389177699999999,0.26108221249999997,0.0510100753,0.0,0.157114174,0.6717635099999999,0.58826303,0.8402067591093078,-0.840206782026289,-0.9725783129061051,-0.2943834368149107,0.9725783137672959,0.13087793712627413,-0.13087795926948056,-0.23536292327979663,-0.7907409497238505,-1.1865594950227865,0.06536936424144965,0.07314161604324441
180,False,33,6.767773095025687e-05,0.07565507766666665,0.9243449281818181,0.6224855296969698,0.699325959090909,0.3775144818181818,0.7214200666666666,0.27857992136363635,0.021204070939393943,0.25668995739393935,0.27139866848484845,0.7245884281818182,0.6153765624242424,-0.9654400477398468,0.9654400752014964,0.7652976252285748,0.04015625729371274,-0.7652975717726839,0.0636265638668345,-0.06362656315464206,-0.41222703284368045,0.153913911498765,-0.697183813131794,0.3465441935571317,0.22393749063561502
181,False,42,8.613529393669055e-05,0.13554561,0.8644544,0.18404802999999997,0.4944319999999999,0.8159519399999999,0.7389177700000001,0.2610822125,0.025865959000000004,0.11093158,0.48344064000000003,0.0,0.7941267,-0.6559052747511628,0.6559053246446868,-1.2845541737258241,-0.8061213538235683,1.2845540345493989,0.130877937126275,-0.13087795926948034,-0.38456412738509627,-0.3824972561488727,0.21079749148424928,-3.5102725253424802,1.2180825141421225
182,False,45,9.228781493216845e-05,0.31899757242222226,0.6810024426666668,0.4383697655555556,0.9577670577777777,0.5616302364444445,0.7463820946666667,0.25361789,0.03222885082222222,0.0015553339999999998,0.35082534355555556,0.7719312944444445,0.5965873353333334,0.29223726682191303,-0.29223718763943,-0.0955092870496681,1.1076006884602185,0.09550929663438731,0.15956662127668841,-0.1595666357749871,-0.34680773498934053,-0.7850171035755963,-0.3570722043937005,0.5985393276507004,0.11943845717308542
183,False,20,4.101680663651931e-05,0.299120522,0.7008794829999999,0.229042235,0.5779758030000001,0.7709577660000001,0.7389177699999999,0.26108221249999997,0.048423478400000004,0.0,0.13621271,0.659988403,0.58826303,0.18950586587387347,-0.18950583915795569,-1.0741902059413173,-0.4610587158610526,1.0741902115505277,0.13087793712627413,-0.13087795926948056,-0.2507113796506827,-0.7907409497238505,-1.2760612970268732,0.0026931914265064982,0.07314161604324441
184,False,23,4.716932763199721e-05,0.1239150741304348,0.8760849195652175,0.5465605560869566,0.8258145830434784,0.4534394173913043,0.7122846165217389,0.287715365,0.020922918478260867,0.04326991173913044,0.42592297304347837,0.7892515886956523,0.7128722226086956,-0.7160158655217665,0.7160158309594169,0.41032127432880167,0.562594746876503,-0.41032139845510973,0.0285150091738739,-0.028515032641601316,-0.4138953470225416,-0.6315016367252805,-0.035497927806935045,0.6907312504667196,0.7661738586763234
185,False,78,0.0001599655458824253,0.3296582748717949,0.6703417205128205,0.24486250282051286,0.6073503866666669,0.7551375071794871,0.7389177699999999,0.26108221249999997,0.04312535376923077,0.0,0.15175428179487183,0.668743944102564,0.5882630300000001,0.3473354264819794,-0.34733544896429924,-1.0002248072830537,-0.33973228631042934,1.0002248549175838,0.13087793712627413,-0.13087795926948056,-0.28214961215721607,-0.7907409497238505,-1.209510997889123,0.04929691292412383,0.07314161604324503
186,False,44,9.02369746003425e-05,0.12965046768181818,0.8703495236363635,0.7789712020454544,0.3845028911363636,0.22102880136363642,0.7065975768181819,0.2934024095454545,0.026108622227272726,0.4625504238636363,0.41767061931818183,0.77392814,0.6770784629545455,-0.6863733882926881,0.6863733415361677,1.4969239965946983,-1.2601637475287586,-1.4969239815607156,0.006657213178637708,-0.006657217516792565,-0.3831242022245064,0.9115091534727542,-0.07083519074646774,0.6091680749839302,0.5671016312903158
187,False,20,4.101680663651931e-05,0.1582192785,0.8417807140000001,0.576837918,0.78612246,0.42316208299999997,0.7282824459999999,0.27171753925,0.0252343478,0.0370420922,0.43856875850000004,0.808401415,0.7361487700000001,-0.5387199942312567,0.5387199540480716,0.5518787479206851,0.39865357838893234,-0.551878743474267,0.09000170723291805,-0.09000171783415777,-0.3883120082190071,-0.6544208816469973,0.01865237411046942,0.7926613495161333,0.8956297800384619
188,False,45,9.228781493216845e-05,0.10394768988888888,0.8960523115555555,0.29948094313333334,0.7087641751111111,0.7005190600000001,0.665601992,0.3343979921111111,0.01964955073333333,0.04252080653333334,0.18843299000000002,0.6386475813333333,0.5266264453333332,-0.8192141425713897,0.8192141477322461,-0.7448641043123897,0.07913910941011704,0.7448641196601958,-0.15090685817834032,0.15090684893142334,-0.42145130956046695,-0.6342584484112842,-1.0524497279445368,-0.11089906950096412,-0.26965926088662384
189,False,20,4.101680663651931e-05,0.131145728,0.8688542765000001,0.31175413799999996,0.7110631365000001,0.6882458545,0.5916466549999999,0.40835332199999996,0.02148353325,0.1204881382,0.264326348,0.5673953875000001,0.5092528715,-0.6786453711067432,0.6786453925027255,-0.6874825377407738,0.08863455554660658,0.6874825033329175,-0.4351497601390731,0.43514973032358767,-0.4105687477503812,-0.3473277884694956,-0.7274680758869939,-0.49015802775432354,-0.3662849317877778
190,False,82,0.0001681689072097292,0.12556669343902438,0.8744333081707317,0.2711746387804878,0.6155408862195122,0.7288253751219512,0.6862546307317073,0.3137453522560976,0.019855356676829267,0.05768239834146341,0.37410867378048773,0.632479538292683,0.5130643645121951,-0.707479731548159,0.7074797379155066,-0.8772061802970734,-0.3059029024369706,0.877206246088929,-0.07152967994646908,0.07152966449369083,-0.4202300896848008,-0.5784616749385982,-0.25737105370934443,-0.1437301368998259,-0.34508675615785617
191,False,47,9.638949559582039e-05,0.11837498042553192,0.8816250210638298,0.4051606125531915,0.7731464861702126,0.594839384893617,0.6681017225531914,0.33189825723404254,0.015319916978723404,0.21075641438297882,0.28382123659574465,0.5939127140425531,0.5344425512765958,-0.7446489662886588,0.744648971916637,-0.25077393040407503,0.3450586545399549,0.2507739188120269,-0.1412992937295564,0.14129926763549827,-0.4471426705856604,-0.01512793625802013,-0.6439893463976115,-0.34901242789087106,-0.22618884496372207
192,False,45,9.228781493216845e-05,0.1025790675111111,0.8974209299999998,0.5940365853333333,0.7541885346666665,0.40596342311111117,0.7612593440000001,0.23874064333333325,0.022991962688888885,0.0,0.9778944742222222,1.0,1.0,-0.8262876515302822,0.8262876363400341,0.6322886562821236,0.26675624884052707,-0.6322886170877708,0.21674643676045854,-0.21674644236997687,-0.4016179663466974,-0.7907409497238505,2.3280898098940397,1.812496330596019,2.3630769708939128
193,False,36,7.383025194573476e-05,0.29603092861111113,0.7039690822222222,0.42166037000000006,0.8798664830555555,0.57833963,0.7641514222222223,0.23584856749999997,0.037099465250000005,0.012509916222222224,0.2748405513888888,0.7357242825000001,0.6011458222222221,0.17353778960207875,-0.17353773278781648,-0.173631675218266,0.7858463889528567,0.17363167550813569,0.22786196594237398,-0.22786196263479558,-0.3179062803234992,-0.7447027124169128,-0.6824453851346609,0.4058177721062184,0.14479114845919824
194,False,28,5.7423529291127036e-05,0.14026366107142857,0.8597363399999999,0.3063421439285715,0.6924038489285714,0.693657857142857,0.6674380099999999,0.3325619767857142,0.025928618178571426,0.05690762464285714,0.2751543789285714,0.6548464067857142,0.5192070289285715,-0.6315207717179373,0.6315207755423892,-0.7127855416829908,0.011565727450543703,0.7127855473677163,-0.14385023311864914,0.14385023398352093,-0.38419231774265106,-0.5813129502598707,-0.6811015495870598,-0.024676465880247588,-0.31092342994490135
195,False,22,4.511848730017125e-05,0.41776650772727275,0.5822335004545454,0.3858470481818182,0.8691260109090909,0.6141529527272728,0.7549163336363637,0.24508364954545456,0.03406869363636364,0.0,0.2995428372727273,0.7420989763636363,0.593677451818182,0.802708935329142,-0.8027088902361397,-0.341071737271061,0.7414848023511315,0.3410717419309905,0.19236745687795184,-0.19236747786355748,-0.3358903991021221,-0.7907409497238505,-0.5766681486586104,0.43974879406972345,0.1032547145768294
196,False,34,6.972857128208283e-05,0.09602917332352942,0.9039708270588236,0.7282252629411765,0.5003095405882353,0.27177472735294117,0.7233017100000001,0.2766982770588235,0.022727808911764708,0.20515283452941174,0.4521815855882353,0.8176931611764706,0.7505132111764706,-0.8601397468693077,0.8601397464119453,1.2596686189538029,-0.7818452305531416,-1.2596686650673414,0.07085854715861215,-0.07085855035230201,-0.4031854130266942,-0.0357498920316831,0.07694362848227311,0.842119166681537,0.9755197197314474
197,False,41,8.40844536048646e-05,0.23715726365853657,0.7628427180487806,0.4084310053658537,0.7961366280487805,0.5915689997560976,0.7471122502439026,0.2528877335365854,0.038776929975609754,0.3037585933658537,0.5123534302439023,0.5545713565853658,0.5844490175609757,-0.13074146466603473,0.13074136998821384,-0.2354836767306176,0.44001529667116257,0.23548370101166724,0.16237293044348106,-0.16237294841452093,-0.30795247029816375,0.32713305974050444,0.33460445676646255,-0.5584173801143312,0.05192942825267003
198,False,22,4.511848730017125e-05,0.16885246000000004,0.8311475500000001,0.2885721600000001,0.6885090999999998,0.7114277999999998,0.7389177699999998,0.2610822125,0.028873628000000005,0.32702320000000007,0.4981516999999998,0.0,0.5882630300000001,-0.4837640722596278,0.48376412269561325,-0.7958665590424752,-0.004520831830156255,0.7958663727630234,0.1308779371262737,-0.13087795926948034,-0.366717095857081,0.4127500584517176,0.27379147025005335,-3.5102725253424802,0.07314161604324503
199,False,39,7.998277294121266e-05,0.0858431083076923,0.9141568905128205,0.38609361153846156,0.6902190051282051,0.6139063833333334,0.6521598753846154,0.34784010487179484,0.015223435564102567,0.20092409025641023,0.37793900538461545,0.5716761805128205,0.551787483076923,-0.912784817792651,0.9127848090972656,-0.3399189655749334,0.002541623468941987,0.33991894200752465,-0.2025708271391133,0.20257080430604704,-0.44771517602046906,-0.05131226102700592,-0.24096925616814663,-0.46737235602696364,-0.12972247091661368
200,False,28,5.7423529291127036e-05,0.2455111907142857,0.7544888242857144,0.20213467999999998,0.5280147328571428,0.797865315,0.7389177700000003,0.26108221249999997,0.03317029957142857,0.0,0.10891451678571426,0.6446096035714284,0.58826303,-0.08756550990287869,0.08756558742909812,-1.1999926294574086,-0.6674139216316658,1.1999926071044378,0.1308779371262754,-0.13087795926948056,-0.34122132720673665,-0.7907409497238505,-1.3929544239453655,-0.07916460321361903,0.07314161604324441
201,False,45,9.228781493216845e-05,0.2933663037777778,0.7066337035555555,0.2569566664444444,0.6298064551111112,0.7430433302222222,0.7338124573333334,0.2661875248888889,0.031600582222222215,0.0,0.16277988822222222,0.6749553528888889,0.5882630300000001,0.15976609630178742,-0.1597660576201214,-0.9436802756713653,-0.24698153835002387,0.9436802609273683,0.11125597410567208,-0.11125599684966406,-0.3505357813642116,-0.7907409497238505,-1.1622984369203937,0.08235880616347659,0.07314161604324503
202,False,48,9.844033592764635e-05,0.08306563295833332,0.9169343745833333,0.6431981247916667,0.6558976122916667,0.3568018760416667,0.6892852875000001,0.31071469937499996,0.021753910229166663,0.35299452466666664,0.28144422604166663,0.7155552024999999,0.60123080125,-0.9271397611910587,0.9271397975243453,0.8621364000715651,-0.1392167107874448,-0.8621363966262358,-0.05988153243459365,0.05988153164489006,-0.40896437357501914,0.5083281572127276,-0.6541679026926498,0.2984624212292854,0.1452637717461702
203,False,32,6.56268906184309e-05,0.06207140915625001,0.9379285909375,0.0,0.1343008,1.0,0.615907314375,0.3840926684375,0.02006444575,0.0,0.11153549562500001,0.0,0.5075681984375,-1.0356450966000517,1.0356450940980284,-2.1450444047171686,-2.293578441270331,2.1450444064167824,-0.34190537097171825,0.34190536127780624,-0.4189893882375865,-0.7907409497238505,-1.3817311752231394,-3.5102725253424802,-0.37565448732509876
204,False,41,8.40844536048646e-05,0.09973119863414635,0.9002687990243903,0.27556473939024395,0.6630166704878049,0.72443526,0.8299538199999998,0.17004616963414632,0.021420475780487804,0.04179580434146342,0.2513031490243902,0.6375931024390243,0.5150374541463415,-0.8410064127766602,0.8410063983019763,-0.8566808930241572,-0.1098127225470708,0.8566808909516437,0.4807695350111205,-0.48076953805910505,-0.4109429207881925,-0.6369265576427485,-0.7832344937883835,-0.11651181691883646,-0.33411312969064505
205,False,77,0.00015791470555059936,0.07916992862337663,0.920830072987013,0.4606284054545456,0.7245953153246752,0.5393715981818181,0.6517534974025972,0.34824648201298714,0.011272901935064937,0.30921421379220776,0.3695833876623376,0.5984552355844156,0.5650302557142858,-0.9472740947822247,0.9472741003971935,0.008557799070379117,0.14452678399379495,-0.008557781909493975,-0.20413271653868137,0.20413269051111096,-0.4711570169377771,0.34721050417605537,-0.27674870410543695,-0.3248336357004155,-0.05607085479249942
206,False,22,4.511848730017125e-05,0.7157965300000001,0.2842034699999999,0.43897040000000004,0.9677636999999998,0.5610295999999999,0.7389177699999998,0.2610822125,0.026467492999999995,0.0,0.5934775000000001,0.7748563,0.5882630300000001,2.3430301128828943,-2.3430301052223848,-0.0927011066424052,1.1488900194710105,0.09270110687440143,0.1308779371262737,-0.13087795926948034,-0.38099471989272493,-0.7907409497238505,0.6819844502959096,0.6141084561252584,0.07314161604324503
207,False,18,3.691512597286738e-05,0.16304159022222223,0.8369583944444443,0.39639848666666666,0.8734101433333332,0.6036015116666666,0.7271007433333332,0.2728992422222222,0.028739954333333335,0.0022745302222222223,0.31301691333333337,0.7440351022222222,0.6023107866666667,-0.5137966364639398,0.5137965558739453,-0.2917399963167122,0.7591796400602766,0.29173998889877845,0.0854599039114338,-0.0854599132302329,-0.36751029422547377,-0.7823703611225891,-0.5189710376923945,0.45005434449098186,0.15127026853548778
208,False,26,5.332184862747511e-05,0.24590654423076924,0.7540934396153846,0.5913178957692309,0.7381604334615386,0.4086821080769231,0.7180794246153847,0.28192056,0.039621226846153844,0.3767498515384616,0.6956334684615384,0.6848072019230769,0.539298528076923,-0.08552218759120006,0.08552210411011665,0.6195778122105613,0.20055506233993659,-0.6195777945057681,0.05078700651252986,-0.05078701861989917,-0.3029425463778105,0.5957510748726266,1.1194247780538271,0.1347979213760603,-0.19918162004193776
209,False,22,4.511848730017125e-05,0.17828556272727275,0.8217144527272725,0.2885721600000001,0.6885090999999998,0.7114277999999998,0.6710089518181817,0.32899102613636355,0.030022011090909094,0.32702320000000007,0.3431892827272727,0.0,0.6951332636363636,-0.43501056819968514,0.4350106469802617,-0.7958665590424752,-0.004520831830156255,0.7958663727630234,-0.13012553242351324,0.13012549901978512,-0.35990277246255387,0.4127500584517176,-0.3897704500450162,-3.5102725253424802,0.6675160449050981
210,False,27,5.537268895930107e-05,0.178647822962963,0.8213521885185183,0.31690201000000007,0.741111045925926,0.683097988888889,0.667611388888889,0.3323885885185185,0.030076696000000003,0.3959812081481482,0.342889692962963,0.0,0.6948011111111109,-0.43313828329172815,0.4331383415440504,-0.6634143987533913,0.21274203592751204,0.6634143941986607,-0.14318386175837025,0.1431838265624284,-0.3595782808723383,0.6665251507020344,-0.39105331825786954,-3.5102725253424802,0.6656687300750034
211,False,74,0.00015176218455512146,0.09094212428378377,0.9090578777027026,0.4410885052702702,0.8267177443243244,0.5589114935135134,0.6854958135135134,0.3145041700675676,0.017674462189189187,0.21637780491891892,0.2652673893243243,0.6328781720270269,0.5310320490540542,-0.8864313577191846,0.8864313654696812,-0.0827982085060939,0.5663250919515809,0.08279820304476335,-0.0744461484111752,0.074446135308005,-0.4331711721909499,0.005559565312043243,-0.7234384589047893,-0.14160830167373373,-0.24515685169188822
212,False,54,0.00011074537791860214,0.02785196699999999,0.9721480600000002,0.28086223999999993,0.6741935599999999,0.7191376999999997,0.7389177699999998,0.26108221249999997,0.018046018000000004,0.31660425999999997,0.4076287200000002,0.0,0.7482620500000001,-1.2125028877561173,1.2125030237574808,-0.8319131868804636,-0.06364859258409118,0.8319129071196484,0.1308779371262737,-0.13087795926948056,-0.43096641885208264,0.3744069054132761,-0.11383543630442783,-3.5102725253424802,0.9629995577273722
213,False,20,4.101680663651931e-05,0.11937433080000001,0.8806256685000001,0.5770428124999999,0.619939421,0.422957186,0.7240224949999999,0.2759774922499999,0.025152890049999998,0.351241621,0.3750284925,0.6933641245,0.5625906709999999,-0.7394839814530678,0.7394839757819522,0.5528367028394844,-0.2877355463911249,-0.5528367100821437,0.0736288410738399,-0.07362884359866477,-0.3887953656072207,0.5018772271226567,-0.25343231368073027,0.18034444237118352,-0.06963896184977054
214,False,21,4.306764696834528e-05,0.07413165190476191,0.925868342857143,0.13869731,0.41022623,0.8613026999999999,0.7534696428571428,0.24653034904761903,0.020738597809523814,0.04094154400000002,0.1390055447619048,0.0,0.5288363780952381,-0.9733136335806233,0.9733136037182216,-1.4965849763832815,-1.1539181273061543,1.4965850243727548,0.18680718763970097,-0.18680717496690824,-0.41498907668036467,-0.6400703549011455,-1.264102146993644,-3.5102725253424802,-0.2573683967377749
215,False,38,7.79319326093867e-05,0.10248642855263158,0.8975135794736842,0.5231630171052633,0.8207643176315789,0.4768369805263158,0.859815802631579,0.1401841922368421,0.020626281736842104,0.23635445184210532,0.22288794394736847,0.6785878268421052,0.5539840368421054,-0.8267664413801248,0.8267664805345459,0.30092942849928456,0.5417355347881939,-0.3009294396219841,0.595542274150975,-0.5955422598119519,-0.4156555424684062,0.07907641349147809,-0.9049107581260929,0.10169362539166416,-0.11750601601405436
216,False,27,5.537268895930107e-05,0.10199667833333333,0.8980033292592592,0.45783227740740745,0.8493838592592593,0.5421677214814815,0.7027654140740741,0.29723457092592587,0.023065298037037035,0.025503485259259266,0.37284688814814815,0.7530680307407407,0.6509443622222222,-0.829297638166086,0.8292976750709007,-0.004515097548852677,0.6599433991264433,0.00451509252294723,-0.008071474477413472,0.008071465248621085,-0.4011828060047455,-0.6968845652634921,-0.2627741244146911,0.4981345350872705,0.4217530092460626
217,False,21,4.306764696834528e-05,0.09833756661904762,0.9016624328571432,0.45436704190476185,0.9030733247619047,0.5456329538095239,0.7853075714285713,0.21469241690476187,0.02088182052380953,0.05194247590476191,0.23846908,0.710475150952381,0.5881794661904761,-0.8482091801025945,0.848209174999472,-0.020716310341572723,0.881698070710406,0.020716290484849645,0.30917435648326064,-0.3091743604483371,-0.4141392157756623,-0.5995853904431723,-0.8381910415559347,0.27142248106505723,0.07267686369949741
218,False,30,6.152520995477898e-05,0.08803664383333333,0.9119633493333333,0.5582062889999999,0.7408171686666664,0.4417937143333334,0.6517673266666666,0.3482326569999999,0.018498838700000002,0.4705386766666667,0.413249855,0.6301627976666666,0.5371038016666667,-0.9014478752990875,0.9014478374184156,0.46476923231242206,0.21152822881464534,-0.464769216894546,-0.2040795645917022,0.20407955490164667,-0.42827945253051,0.9409070384530257,-0.08976527012811494,-0.1560616117512734,-0.2113879118429155
219,False,39,7.998277294121266e-05,0.26137299948717957,0.7386269753846153,0.32972063128205126,0.746390444102564,0.6702793723076922,0.9521769123076922,0.04782308525641025,0.03900716061538461,0.22467457743589747,0.6397540664102566,0.5111740094871797,0.29767580025641033,-0.005586252307016981,0.005586122695273144,-0.6034827690153126,0.23454763964997138,0.6034827863958976,0.9505266594246422,-0.9505266431705363,-0.3065863181428644,0.036092845889879495,0.8801445449323301,-0.7894114276789091,-1.54300174620562
220,False,31,6.357605028660493e-05,0.0882886920967742,0.9117113083870968,0.36044270419354846,0.7290880451612902,0.6395572954838711,0.7080198574193547,0.2919801267741935,0.016260820387096774,0.12039411935483868,0.2767311058064516,0.6259740338709677,0.5406573074193549,-0.9001452035917775,0.9001452035330275,-0.45984611277863807,0.16308319576110775,0.4598461117649988,0.012123663361669187,-0.012123676170483147,-0.4415594987691949,-0.34767379093889433,-0.6743498743532794,-0.17835743322790212,-0.19162457007463574
221,False,54,0.00011074537791860214,0.09734537788888888,0.9026546283333333,0.6994607333333334,0.5323945748148148,0.30053925481481486,0.7896412648148149,0.21035872351851848,0.022029787407407412,0.46922387100000007,0.2894015475925926,0.7209806533333336,0.6104314970370369,-0.8533371511088014,0.8533371808553185,1.1251841763514543,-0.6493237729252059,-1.1251842324019972,0.32583064708083986,-0.32583065144219364,-0.407327362089406,0.9360683701342899,-0.6200939919879341,0.32734084195437946,0.1964347865131015
222,False,20,4.101680663651931e-05,0.5326781635000001,0.46732183949999995,0.36041603200000005,0.8219064805,0.639583974,0.7763635000000001,0.22363649999999993,0.549531315,0.0,0.254872319,0.7268353340000001,0.58826303,1.3966117092333268,-1.3966116890501954,-0.4599708148033623,0.5464530328934722,0.45997084335013283,0.2747983544078302,-0.2747983127149151,2.7227831633777297,-0.7907409497238505,-0.7679510119961053,0.3585039538683772,0.07314161604324441
223,False,31,6.357605028660493e-05,0.07048667258064517,0.9295133325806453,0.5258985525806451,0.7696707358064516,0.4741014470967743,0.7586265148387096,0.24137347516129024,0.01882219070967742,0.35516743174193544,0.2769759787096774,0.6482130816129031,0.5380140538709677,-0.9921521344869004,0.9921521583127179,0.3137190332187502,0.330702693399204,-0.31371903478556146,0.20662731579462415,-0.20662731091422054,-0.4263607329136373,0.5163247584529059,-0.6733013082767271,-0.0599841225213989,-0.20632541112926928
224,False,35,7.17794116139088e-05,0.06926024985714285,0.9307397497142859,0.41772980828571427,0.8520843722857142,0.5822701862857143,0.7033607857142857,0.2966391974285714,0.017112207828571428,0.1944078378285714,0.19052367542857143,0.6196905391428572,0.5272552725714286,-0.9984907069543247,0.9984907018698489,-0.19200845413544063,0.671097382010855,0.19200842905794188,-0.005783199288310201,0.005783182867259102,-0.43650750052385806,-0.07529297922652886,-1.043497239579089,-0.21180302327314254,-0.2661619462670317
225,False,25,5.1271008295649145e-05,1.0,0.0,0.022705907,0.19485708,0.9772941000000002,0.7763635,0.22363649999999996,0.5377713400000002,0.0,0.5510526,0.39798567000000007,0.58826303,3.8118909351481887,-3.8118909228589253,-2.0388861852605515,-2.0434616286325737,2.038886219611752,0.27479835440782974,-0.274798312714915,2.653001334129342,-0.7907409497238505,0.5003175106096186,-1.391886795956663,0.07314161604324441
226,False,24,4.9220167963823175e-05,0.21306355791666667,0.7869364495833332,0.6520811945833334,0.61271006625,0.3479188033333333,0.8344095249999999,0.16559046729166668,0.034412753375,0.17907780933333337,0.45379888125,0.7771493320833334,0.6935864975000001,-0.25526598376293763,0.2552660219981217,0.9036679219082481,-0.3175950946906179,-0.9036679321290756,0.497894769927986,-0.49789476316938486,-0.3338488031010449,-0.13170962321109697,0.08386902261262369,0.6263137358840928,0.6589134788995616
227,False,20,4.101680663651931e-05,0.20535980599999998,0.7946402005,0.5520044129999999,0.6981043324999999,0.447995589,0.826849198,0.173150794,0.0332949029,0.172261151,0.45961906249999995,0.7220267275,0.6204687929999999,-0.2950816108375926,0.29508164377896545,0.43577324842810844,0.03511054858849328,-0.43577323922330696,0.46883710656757105,-0.4688371002386478,-0.3404819507881514,-0.15679587706089038,0.10879152133641605,0.33290885294971295,0.2522586754699004
228,False,28,5.7423529291127036e-05,0.21102260178571436,0.7889774107142857,0.5673359214285714,0.6790212671428572,0.4326640914285715,0.7926445714285715,0.20735542071428567,0.03408468471428572,0.1812345539285714,0.45151415821428564,0.7302516217857143,0.6280914689285714,-0.26581434371335627,0.2658144077570125,0.5074535224801979,-0.043708617359060835,-0.5074534625656364,0.33737367591420225,-0.33737366590850537,-0.33579551057820467,-0.12377250215271261,0.0740856491237292,0.3766880640971,0.29465330208651186
229,False,21,4.306764696834528e-05,0.0823223530952381,0.91767765,0.4255307942857143,0.7156027195238095,0.5744692052380952,0.7717635123809523,0.22823648023809523,0.021614641523809527,0.12829183114285717,0.31184389428571424,0.687076910952381,0.5632699385714286,-0.9309812859651202,0.9309812993056369,-0.15553606024401861,0.10738448596868141,0.15553605829458728,0.25711857789864356,-0.2571185641533491,-0.40979077201692704,-0.31860910952778215,-0.5239940025214146,0.1468790579092827,-0.06586111594193755
230,False,27,5.537268895930107e-05,0.09533738344444445,0.9046626185185187,0.5386498137037038,0.7734584311111112,0.46135019037037034,0.7086946911111112,0.29130529370370367,0.023081079222222224,0.1378768192592593,0.2834459137037037,0.72445751,0.6086853555555556,-0.8637151537798129,0.8637151614803178,0.3733357301712344,0.3463470869591198,-0.3733357112247472,0.014717346179796751,-0.014717356662517127,-0.40108916295108854,-0.2833350157889904,-0.6455965101432253,0.3458473463362736,0.1867233653768955
231,False,46,9.433865526399442e-05,0.1322401342826087,0.8677598626086954,0.41328136130434795,0.7725160945652173,0.5867186421739129,0.641860574347826,0.3581394061956521,0.014889054121739131,0.2273642972608696,0.300173340652174,0.5988004852173914,0.5454811645652174,-0.6729891047980844,0.6729890868875454,-0.21280653152072235,0.34245493550445544,0.21280654810071636,-0.24215557292783454,0.24215555213987627,-0.44969934254419336,0.0459913901640029,-0.5739682809062776,-0.32299595170648787,-0.1647959833070699
232,False,30,6.152520995477898e-05,0.09216472663333335,0.9078352803333334,0.8876259603333333,0.2090610896666667,0.11237404103333334,0.7687886786666667,0.2312113131666666,0.0209793307,0.5614963148,0.43920495133333326,0.8182509829999999,0.7555767173333332,-0.8801125302521489,0.8801125637618343,2.0049237728348763,-1.9847945238417481,-2.0049237677132234,0.24568498294660954,-0.2456849719491386,-0.4135606058326222,1.2756438388340192,0.02137660457611567,0.8450883233109814,1.0036811495105211
233,False,23,4.716932763199721e-05,0.07194553856521738,0.9280544782608693,0.31719749999999997,0.7416596999999999,0.6828024999999998,0.6940967069565216,0.30590327347826074,0.020556767826086956,0.39601842000000004,0.1803351226086957,0.0,0.5633818569565218,-0.9846122156756572,0.9846122998128947,-0.6620328775365896,0.2150081528066876,0.6620328781757102,-0.041389130339637224,0.04138910435738085,-0.41606802700606077,0.666662095509318,-1.0871254675918585,-3.5102725253424802,-0.06523866548070587
234,False,41,8.40844536048646e-05,0.48610494780487806,0.5138950397560975,0.35806546560975605,0.8175420446341464,0.6419345375609756,0.7763635,0.22363649999999996,0.5091324285365854,0.0,0.2533756329268293,0.7259936543902439,0.58826303,1.155905387450993,-1.1559054478205517,-0.47096055164597644,0.5284265162757205,0.47096056697276617,0.27479835440782974,-0.274798312714915,2.4830625689874326,-0.7907409497238505,-0.7743599458671107,0.35402388785488825,0.07314161604324441
235,False,40,8.203361327303863e-05,0.10676787374999999,0.8932321274999999,0.3323879675,0.60281961,0.6676120345,0.5597975795000001,0.44020239712500003,0.013074590524999999,0.20125278070000002,0.46713792400000004,0.5240271935,0.5542315762500001,-0.8046384669641531,0.8046384711659854,-0.5910120201661437,-0.358445843659729,0.5910120301051928,-0.5575597715340102,0.5575597431895521,-0.46046608217459795,-0.050102634329776005,0.1409879097458192,-0.7209969001158226,-0.11612928940663596
236,False,47,9.638949559582039e-05,0.19033874446808502,0.8096612242553195,0.13869731000000005,0.4102262299999999,0.8613027000000003,0.7146766370212766,0.28532335276595744,0.03127976525531915,0.04094154400000001,0.3512079536170213,0.0,0.7026247319148935,-0.37271559888519173,0.3727154363395439,-1.496584976383281,-1.1539181273061547,1.4965850243727568,0.037708596491827055,-0.037708588410348104,-0.3524394584387305,-0.6400703549011455,-0.35543383638435544,-3.5102725253424802,0.7091809409933648
237,False,33,6.767773095025687e-05,0.07862211612121212,0.9213778893939395,0.42874658424242423,0.6748559606060606,0.5712534215151516,0.6452455824242425,0.354754401060606,0.015863938151515156,0.28144890787878785,0.41086897939393946,0.5909193775757575,0.546252163030303,-0.9501053773220774,0.9501054031092706,-0.1405010944110836,-0.06091266613224798,0.14050112159598346,-0.22914549741697393,0.22914548762446765,-0.4439145351017616,0.2450303040983704,-0.09996037689623369,-0.3649452660116755,-0.16050796262305167
238,False,22,4.511848730017125e-05,0.08092642045454546,0.9190735818181818,0.43117160636363644,0.7926259863636363,0.5688283836363638,0.548686729090909,0.45131324772727266,0.0009023009090909091,0.07040842363636363,0.27689291590909093,0.7006462404545455,0.5876753318181819,-0.9381959437116804,0.938195952778444,-0.12916325045132476,0.42551522320889745,0.12916320395582692,-0.6002636586589061,0.6002636320729188,-0.5326945210564238,-0.5316281260887696,-0.6736569900764322,0.21910546237937134,0.06987304668323085
239,False,22,4.511848730017125e-05,0.17030183340909089,0.8296981590909092,0.4083309636363637,0.7798234922727272,0.5916690436363636,0.8211500309090909,0.17884995954545457,0.024608206227272722,0.22996158790909094,0.5646187377272729,0.5940928522727272,0.4902475654545455,-0.4762732143279965,0.4762731743415969,-0.23595140752305066,0.3726368261899273,0.2359514418600805,0.4469326996864407,-0.446932698776241,-0.39202743315089444,0.05554978217029748,0.5584088372662848,-0.3480535937295362,-0.47198571994688665
240,False,20,4.101680663651931e-05,0.08432463315,0.9156753645000002,0.4275507415,0.946560096,0.5724492714999999,0.6438022839999998,0.35619770325,0.02175798285,0.0615386027,0.18902632000000003,0.684134173,0.5613981525,-0.9206328172161533,0.9206328024464272,-0.1460920860541778,1.0613123504181372,0.14609214710399346,-0.23469272834233737,0.23469273315294173,-0.4089402072879662,-0.5642703048119949,-1.0499090396854232,0.131215543985161,-0.07627132783445069
241,False,24,4.9220167963823175e-05,0.49079964875,0.5092003525000001,0.27718675833333334,0.6673690366666666,0.72281325125,0.7763635,0.2236365,0.50170435375,0.0,0.18001267583333336,0.6846636745833333,0.58826303,1.180169209038187,-1.18016919858172,-0.8490973755314064,-0.09183605759854255,0.8490974211098007,0.27479835440782974,-0.2747983127149149,2.438985549571851,-0.7907409497238505,-1.08850621142135,0.13403395852209768,0.07314161604324441
242,False,20,4.101680663651931e-05,0.070654895,0.929345115,0.24944316000000005,0.6158556300000001,0.7505568,0.76300426,0.23699573849999994,0.020391999600000005,0.23742840999999998,0.2282027855,0.0,0.6028726569999999,-0.9912827034373183,0.9912827522739831,-0.9788086000328642,-0.304602909914755,0.9788084138842338,0.2234529167473957,-0.22345287959805676,-0.41704573556567587,0.0830287293705442,-0.8821521658893615,-3.5102725253424802,0.15439519254010522
243,False,42,8.613529393669055e-05,0.050912395000000006,0.9490876040476192,0.14912579885714286,0.429589514047619,0.8508741957142857,0.5598243085714286,0.4401756650000001,0.008579019642857143,0.022954127714285715,0.26014845440476186,0.5340701316666667,0.5588989652380952,-1.0933187017436463,1.0933186936531163,-1.4478280688218501,-1.0739415685051514,1.44782804464238,-0.5574570399511689,0.557456999868048,-0.48714208783547047,-0.7062665567613436,-0.7453581626940781,-0.6675406616201731,-0.09017092317423331
244,False,20,4.101680663651931e-05,0.4389583439999999,0.5610416560000001,0.0,0.13430080000000003,1.0,0.7763635000000001,0.22363649999999993,0.46125620199999995,0.0,0.31043664600000004,0.0,0.58826303,0.9122355996336612,-0.9122355964819492,-2.1450444047171686,-2.293578441270331,2.1450444064167824,0.2747983544078302,-0.2747983127149151,2.1989726227729918,-0.7907409497238505,-0.5300199563703212,-3.5102725253424802,0.07314161604324441
245,False,34,6.972857128208283e-05,0.4390336,0.5609664000000001,0.25999615147058824,0.6354500573529412,0.7400038264705884,0.7763634999999999,0.22363649999999996,0.46197805000000003,0.25794558529411765,0.3115404500000001,0.0,0.58826303,0.9126245484035006,-0.9126245452505624,-0.9294695983158878,-0.22367165530367714,0.9294694960133795,0.27479835440782935,-0.274798312714915,2.203255954487498,0.15853479737927426,-0.5252933761145399,-3.5102725253424802,0.07314161604324441
246,False,35,7.17794116139088e-05,0.4583252211428571,0.541674774,0.2795037005714286,0.6716710548571428,0.7204963008571428,0.7763634999999999,0.22363649999999996,0.4884111585714286,0.0,0.181347538,0.6854081537142857,0.58826303,1.0123302504300369,-1.0123302720662783,-0.8382648436012782,-0.07406734595192926,0.8382648510455036,0.27479835440782935,-0.274798312714915,2.3601058345965575,-0.7907409497238505,-1.0827902209364852,0.13799664885422686,0.07314161604324441
247,False,25,5.1271008295649145e-05,0.43884546,0.56115454,0.24251985999999998,0.60300064,0.7574801399999999,0.7763635,0.22363649999999996,0.46017343,0.22732256000000003,0.30878094,0.0,0.58826303,0.9116521764789037,-0.9116521733290303,-1.0111774986090807,-0.3576981318354257,1.0111774994978728,0.27479835440782974,-0.274798312714915,2.192547625201234,0.04583779122006744,-0.5371098267539929,-3.5102725253424802,0.07314161604324441
248,False,29,5.9474369622953006e-05,0.2469743910344827,0.7530256379310343,0.25663687,0.6292126434482757,0.7433631275862069,0.9922883965517242,0.007711603448275862,0.039120446620689656,0.2508675451724138,0.2604728248275862,0.0,0.6151071689655171,-0.08000318976138493,0.08000333949000689,-0.9451754381914432,-0.24943417051989228,0.9451754277476945,1.1046927432527214,-1.1046927213042295,-0.30591409692824206,0.13248662207557557,-0.7439691816466449,-3.5102725253424802,0.22243921952942639
249,False,40,8.203361327303863e-05,0.2758052875,0.7241946965,0.35752252475000007,0.74798473075,0.6424774457499999,0.9496538635,0.050346135,0.04186675994999999,0.25974486700000005,0.7621809715,0.5301738625,0.3351088185,0.06900475264334824,-0.06900483484234805,-0.4734989939527268,0.24113255362896127,0.4734988565339999,0.9408294726633002,-0.9408294525814173,-0.28961790855977126,0.16515640512515975,1.4043867042047768,-0.6882796017948603,-1.3348125425138406
250,False,36,7.383025194573476e-05,0.43884545999999997,0.56115454,0.26072967,0.6368120300000002,0.7392703000000002,0.7763634999999999,0.22363649999999996,0.46017343,0.2589939,0.32670369999999993,0.0,0.58826303,0.9116521764789035,-0.9116521733290303,-0.9260401373821849,-0.21804627247992717,0.92603999794939,0.27479835440782935,-0.274798312714915,2.192547625201234,0.1623927417766981,-0.460363082272996,-3.5102725253424802,0.07314161604324441
251,False,27,5.537268895930107e-05,0.053232495148148144,0.9467675129629632,0.13869731,0.4102262299999999,0.8613027,0.79441796,0.2055820344444444,0.01942731788888889,0.04094154400000001,0.1805378874074074,0.0,0.5620204296296296,-1.08132762995502,1.0813276687455071,-1.4965849763832815,-1.1539181273061547,1.4965850243727552,0.3441895885216566,-0.34418956983210774,-0.422770004064869,-0.6400703549011455,-1.086257211910453,-3.5102725253424802,-0.07281044260072056
252,False,30,6.152520995477898e-05,0.07152326000000002,0.9284767500000003,0.25934413500000003,0.6342394150000001,0.7406558500000003,0.7763634999999998,0.2236364999999999,0.020452153000000008,0.25701375,0.2911972699999999,0.0,0.6539712999999998,-0.986794695856248,0.9867947447070572,-0.9325180080347346,-0.22867199559145412,0.9325179387369267,0.2747983544078289,-0.2747983127149152,-0.4166887948164387,0.15510551347045295,-0.6124045597375393,-3.5102725253424802,0.4385877662373187
253,False,50,0.00010254201659129829,0.5207500822,0.47924991679999995,0.3532582302,0.808616119,0.6467417677999999,0.7763635000000001,0.22363649999999996,0.4911404056,0.0,0.2499363858,0.7240561058,0.5882630300000001,1.334963301821674,-1.3349633025061822,-0.49343609299336677,0.4915595873716605,0.49343608416121215,0.2747983544078302,-0.274798312714915,2.376300754239197,-0.7907409497238505,-0.7890870872476665,0.34371076456187066,0.07314161604324503
254,False,35,7.17794116139088e-05,0.21920369428571426,0.7807963222857143,0.0,0.1343008,1.0,0.797853901142857,0.20214609014285712,0.03515750937142858,0.0,0.3116293202857143,0.0,0.6699898168571428,-0.22353165709950779,0.22353174231894335,-2.1450444047171686,-2.293578441270331,2.1450444064167824,0.35739542221844534,-0.35739541598347335,-0.3294295389636218,-0.7907409497238505,-0.5249128261819592,-3.5102725253424802,0.5276770896552354
255,False,28,5.7423529291127036e-05,0.18385198142857143,0.8161480164285714,0.27019446750000004,0.6543859753571429,0.7298055407142857,0.7103026107142857,0.2896973721428571,0.03078564728571429,0.0,0.18029357,0.6809800328571427,0.5241250735714286,-0.40624141083977505,0.406241398761611,-0.8817888308777833,-0.14546025500661716,0.8817888700787692,0.0208972887325009,-0.020897306886446497,-0.35537147621797976,-0.7907409497238505,-1.0873033993078494,0.1144267850654947,-0.28357100564253107
256,False,36,7.383025194573476e-05,0.10089143511111112,0.8991085691666666,0.40834767666666666,0.8722972861111111,0.5916523155555555,0.7345996983333333,0.26540028652777775,0.020552408916666667,0.075206151,0.21321341666666666,0.6814422619444443,0.553513563888889,-0.835009913488398,0.8350099332431143,-0.2358732681411405,0.7545831836507498,0.23587323211163114,0.11428168767090699,-0.11428170034447467,-0.41609389208424974,-0.5139718199251267,-0.9463378861569575,0.11688712365569277,-0.12012262012679982
257,False,26,5.332184862747511e-05,0.09513374538461536,0.9048662596153846,0.21734641000000002,0.5562594,0.7826535700000001,0.8365733269230768,0.16342667307692307,0.022395570384615385,0.1721357,0.22701351115384613,0.0,0.6018902288461538,-0.8647676249829446,0.8647676483765785,-1.1288723623104147,-0.5507544088646033,1.1288722697762328,0.5062112128357319,-0.5062111766484737,-0.4051568638309068,-0.1572575542460767,-0.887244737254602,-3.5102725253424802,0.14893127473089607
258,False,29,5.9474369622953006e-05,0.1471130755172414,0.8528869241379311,0.5506178765517242,0.7226665048275862,0.44938212862068955,0.6439338786206896,0.35606610586206894,0.021936109655172415,0.1831573080689655,0.30313855965517245,0.7180815382758621,0.6096065299999999,-0.5961206531517832,0.5961206497680943,0.4292906956474312,0.13656017947789406,-0.4292906716058272,-0.23418695231068618,0.23418694647353128,-0.407883231035627,-0.11669649861872292,-0.5612709672585291,0.31190952261668764,0.19184661172593692
259,False,31,6.357605028660493e-05,0.05557281045161291,0.9444271870967742,0.4612649451612903,0.6827404058064517,0.5387350664516128,0.6642101683870967,0.33578981322580637,0.012632212161290323,0.28282242432258065,0.43223255870967753,0.6058925477419354,0.5684714367741935,-1.0692320793236103,1.069232063560439,0.011533849394264235,-0.02834738466286302,-0.011533794942338391,-0.156256248753751,0.1562562300323908,-0.46309108532635385,0.25008503626931705,-0.00847975879140677,-0.28524654217647666,-0.03693222322505655
260,False,30,6.152520995477898e-05,0.24358269766666665,0.7564173036666667,0.11903400899999997,0.36859235766666665,0.8809659973333333,0.6747122940000002,0.325287683,0.038718734233333336,0.056873840599999996,0.4556075273333333,0.4639189546666666,0.21187313833333338,-0.09753262213996229,0.09753262900076091,-1.5885179268176999,-1.325879341663784,1.5885179577299386,-0.1158919588720372,0.11589192146093465,-0.30829779461649914,-0.581437280251744,0.09161379511496918,-1.040939161763203,-2.02020579489222
261,False,20,4.101680663651931e-05,0.1517773733,0.8482226250000002,0.29463235050000003,0.6997614564999999,0.705367656,0.63976793,0.36023205324999996,0.0155985261,0.0660539151,0.1856006053,0.6136342090000001,0.5230605830000001,-0.5720139655153761,0.5720139552036593,-0.7675330054412957,0.04195500093968658,0.76753303654568,-0.2501985259630939,0.2501985157688442,-0.4454894481827244,-0.5476533251221636,-1.064578234092183,-0.24403946873882393,-0.28949132558469987
262,False,41,8.40844536048646e-05,0.46809514829268295,0.5319048536585367,0.35926379292682925,0.8197670582926829,0.6407362131707317,0.7763635,0.22363649999999996,0.4776472680487805,0.0,0.25423845024390235,0.7264797275609757,0.58826303,1.062824578408387,-1.0628245646975598,-0.46535794372959965,0.5376165346247446,0.4653579727363545,0.27479835440782974,-0.274798312714915,2.296234612889048,-0.7907409497238505,-0.7706652905703156,0.3566111429897667,0.07314161604324441
263,False,23,4.716932763199721e-05,0.10062758465217393,0.8993724195652174,0.3300033456521739,0.6795965500000001,0.6699966539130435,0.664367972173913,0.3356320106521738,0.014593735956521737,0.10389322539130434,0.26587703521739137,0.624777453478261,0.5477290800000001,-0.8363735829821927,0.8363736024205142,-0.6021609784280871,-0.04133251508537874,0.6021609769916313,-0.15564973936410337,0.15564972529111237,-0.4514517137676992,-0.40839938322706254,-0.7208279046386435,-0.18472655407582833,-0.1522938729699212
264,False,31,6.357605028660493e-05,0.09341803796774194,0.906581963548387,0.12493979354838708,0.3846817080645162,0.8750602006451613,0.5241572477419354,0.47584272612903217,0.008989859735483873,0.01802515716129032,0.2637561451612903,0.5170301480645162,0.5551405909677419,-0.8736349882389784,0.8736349935988315,-1.5609062761511496,-1.2594251763993034,1.5609062502858164,-0.6945412489594399,0.6945412132890161,-0.4847042277896736,-0.7244058561752448,-0.7299097317237507,-0.7582405556434026,-0.11107367115540953
265,False,21,4.306764696834528e-05,0.09493045209523808,0.9050695576190477,0.15853261999999999,0.44705579999999995,0.8414673999999998,0.6919055285714285,0.3080944509523809,0.020366219809523807,0.06999003000000001,0.18073716190476188,0.0,0.5638359257142858,-0.8658183142943583,0.8658183620497244,-1.403847822480113,-1.0018002188213673,1.4038479171568394,-0.049810793037117586,0.049810763753955295,-0.4171987087596724,-0.5331678730524148,-1.085403901988876,-3.5102725253424802,-0.06271329569927261
266,False,21,4.306764696834528e-05,0.2688520290476192,0.7311479466666667,0.20047293095238092,0.5249292185714287,0.799527079047619,0.6189710628571428,0.38102891,0.03841223685714285,0.08458414723809524,0.5749247804761904,0.41720876714285715,0.15039587428571424,0.03306793270308783,-0.03306805783874051,-1.2077618993693735,-0.6801580829059561,1.2077619471523116,-0.3301300374424823,0.33012998920559816,-0.310116501507492,-0.4794594851817448,0.602540166897514,-1.289566693169983,-2.3621205869064834
267,False,28,5.7423529291127036e-05,0.10453514735714287,0.8954648682142857,0.4171575753571428,0.6976942360714286,0.5828424325,0.5728439471428571,0.42715603017857134,0.018020953785714288,0.2499351907142857,0.5208218099999999,0.57660775,0.5498596071428572,-0.8161779612754138,0.816178039458928,-0.1946838473188792,0.03341671911963557,0.19468388435875,-0.5074168400123502,0.5074168131515978,-0.431115145930289,0.1290554275707528,0.370866761082833,-0.4411227515497083,-0.1404446347805561
268,False,20,4.101680663651931e-05,0.165335136,0.834664879,0.33952156449999993,0.7631421634999999,0.6604784539999999,0.940346302,0.05965369625,0.028963858449999998,0.22448965590000003,0.5893710835,0.5261097245,0.329925369,-0.5019428067515519,0.5019428829719623,-0.5576599080553588,0.3037376008214425,0.5576599951139468,0.9050564183002596,-0.9050563983281426,-0.3661816826563808,0.03541230883418868,0.6644004343375383,-0.7099120689674961,-1.363641054731563
269,False,20,4.101680663651931e-05,0.058491897150000007,0.9415081049999999,0.13156118700000002,0.39697610149999996,0.8684387970000002,0.560438245,0.43956172949999994,0.000180460175,0.0,0.00028562905000000004,0.5751075315000002,0.58826303,-1.0541452399966431,1.0541452480637246,-1.5299488984456506,-1.2086453976645832,1.5299488248997037,-0.5550974121115105,0.5550973755411581,-0.5369778096561754,-0.7907409497238505,-1.8581123287718428,-0.4491080678586101,0.07314161604324441
270,False,23,4.716932763199721e-05,0.21364941913043478,0.7863505826086957,0.3408295852173913,0.7080658347826088,0.6591704226086957,0.5698038930434781,0.43019608282608685,0.015045976173913045,0.17383829086956523,0.30470645826086956,0.5488413517391304,0.5415279556521739,-0.25223805245657893,0.25223806092715995,-0.5515444443405362,0.07625474040493023,0.5515444814903989,-0.5191011056026092,0.5191010734396925,-0.44876819193799683,-0.15099178226988794,-0.5545570954182797,-0.5889168714542499,-0.18678233263851113
271,False,28,5.7423529291127036e-05,0.08844788060714286,0.9115521192857142,0.7275299946428572,0.5063222042857143,0.2724700153571428,0.7370516699999999,0.2629483166071428,0.022140386535714287,0.5600638510714285,0.31875670785714283,0.7170107885714286,0.6014131442857142,-0.8993224628763482,0.8993224597656286,1.2564179915027958,-0.7570110056060974,-1.2564179454819766,0.1237056937038837,-0.12370569989089421,-0.4066710843773759,1.2703721724296988,-0.49439276159584283,0.30621016943742396,0.14627789919795806
272,False,26,5.332184862747511e-05,0.06443955611538463,0.9355604465384617,0.41055313692307693,0.6257668057692307,0.5894468696153845,0.5824654584615385,0.4175345194230769,0.009825053961538462,0.2710927778461539,0.4701658830769231,0.5584066780769231,0.573490606923077,-1.0234057024447323,1.0234057132127323,-0.22556195426573142,-0.2636665827015819,0.2255619851623768,-0.47043713835173806,0.47043711277575884,-0.47974831752015507,0.20691830050421584,0.15395388159253975,-0.5380028503265585,-0.009017374636310088
273,False,24,4.9220167963823175e-05,0.20380082958333334,0.79619921,0.2428083308333333,0.6035362645833334,0.7571916674999999,0.7652308,0.23476919874999994,0.03298411033333332,0.22774363708333337,0.22856813458333336,0.0,0.5940313016666666,-0.3031389346319754,0.3031391385339496,-1.0098287945017383,-0.355485830922064,1.0098287875973047,0.23201048969080137,-0.23201045178419985,-0.34232614465921,0.04738741364300397,-0.8805877108196651,-3.5102725253424802,0.10522270224223995
274,False,32,6.56268906184309e-05,0.19631533406249999,0.8036846575000001,0.0672073175,0.27748587625,0.9327926868749999,0.9453819493750001,0.0546180478125,0.0319940873125,0.0101252755625,0.3825871915625,0.455567664375,0.211907599375,-0.3418265379388402,0.3418264935307954,-1.830826207652611,-1.702178261322946,1.8308262295822157,0.9244106269508261,-0.9244106115228293,-0.3482007844770467,-0.7534785227927685,-0.22106533752535903,-1.0853911496345874,-2.020014134770766
275,False,21,4.306764696834528e-05,0.23461373857142856,0.7653862838095238,0.28530534523809525,0.6824433647619047,0.7146946519047619,0.7635909914285713,0.23640900214285712,0.03732374776190476,0.15216986066666663,0.36908984857142846,0.5069009085714287,0.30364850666666665,-0.1438872730226388,0.14388738851866173,-0.811140084051558,-0.029574259221285027,0.8111400714391429,0.22570798380129456,-0.2257079656482763,-0.316575423416989,-0.23073462898678254,-0.27886207941712937,-0.8121561561515512,-1.5097836662916664
276,False,39,7.998277294121266e-05,0.18557076948717946,0.8144291833333334,0.2472819492307692,0.611842757948718,0.752718023076923,0.7752468769230767,0.22475312230769226,0.03083247046153847,0.12733318487179487,0.5822692207692307,0.45572473692307686,0.21623703461538468,-0.39735812577268287,0.3973578809577923,-0.9889130317621059,-0.3211773554881921,0.988912903163555,0.2705066805860879,-0.27050664174756106,-0.35509363490792334,-0.3221370615729108,0.6339896692356528,-1.084555088767561,-1.9959353477152986
277,False,42,8.613529393669055e-05,0.10799929380952382,0.8920007092857144,0.283431279,0.6304066609523808,0.7165687257142859,0.622087562857143,0.37791241404761905,0.011729911499999999,0.1152035139047619,0.36723123571428573,0.5433371383333333,0.546731145952381,-0.7982740665534678,0.7982740803121794,-0.8199020126096179,-0.2445024961772728,0.8199020354026001,-0.31815195661836715,0.31815192365328876,-0.4684451945550613,-0.36677594328207525,-0.2868208137881877,-0.6182145271470658,-0.15784402907431985
278,False,27,5.537268895930107e-05,0.5160621137037037,0.48393788666666665,0.3585081503703704,0.8183640059259261,0.6414918581481481,0.7763634999999999,0.22363649999999993,0.5993282825925925,0.0,0.25390662999999997,0.7262927955555555,0.58826303,1.3107342758346812,-1.3107342695129978,-0.46889084238629347,0.5318214794143339,0.46889088271441554,0.27479835440782935,-0.2747983127149151,3.0182704828349416,-0.7907409497238505,-0.7720861723693465,0.355616147133138,0.07314161604324441
279,False,21,4.306764696834528e-05,0.19051645999999997,0.8094835285714287,0.46465617714285706,0.9488236509523809,0.535343829047619,0.7468081771428571,0.253191809047619,0.0315662088095238,0.006665717142857143,0.41782865809523806,0.7814139423809524,0.6899286409523809,-0.3717971041801907,0.3717970442188202,0.027389069312475926,1.0706615566428246,-0.027389040223669964,0.1612042437177431,-0.16120425239833325,-0.3507397477515215,-0.766210180517047,-0.07015845559848699,0.649013270758974,0.6385697749291235
280,False,20,4.101680663651931e-05,0.18583349000000005,0.8141665195,0.287544308,0.6866006149999999,0.712455655,0.422638377,0.577361614,0.03082861305,0.32450975600000004,0.35324379049999993,0.0,0.7012382909999999,-0.39600029622722516,0.39600034435560494,-0.8006721340051899,-0.012403485539514428,0.8006719617552457,-1.0847229396123295,1.0847229790593191,-0.3551165241771028,0.4035002338106742,-0.3467162140391948,-3.5102725253424802,0.7014700471466783
281,False,41,8.40844536048646e-05,0.3470592,0.6529408,0.020128798,0.19007197,0.9798711999999999,0.7763635,0.22363649999999996,0.061957993,0.0,0.14647523,0.38962152999999994,0.13875845,0.4372693642765891,-0.43726936262161653,-2.0509350896617553,-2.063225664027764,2.0509350819433583,0.27479835440782974,-0.274798312714915,-0.1703997134458633,-0.7907409497238505,-1.232116335415429,-1.436407179855373,-2.4268438234699983
282,False,29,5.9474369622953006e-05,0.3470592000000001,0.6529407999999999,0.017184515999999997,0.18460514000000008,0.9828155000000001,0.7763634999999998,0.2236364999999999,0.06195799300000002,0.0,0.14647523,0.37625300000000006,0.11949794,0.43726936427658963,-0.4372693626216171,-2.064700658889982,-2.0858054211534074,2.0647007353378535,0.2747983544078289,-0.2747983127149152,-0.17039971344586322,-0.7907409497238505,-1.232116335415429,-1.507564774989052,-2.5339639657332853
283,False,32,6.56268906184309e-05,0.10542330625,0.894576698125,0.6827513653124999,0.5357396453125,0.3172486365625,0.66374187375,0.3362581090625,0.024064489468750002,0.4208041784375,0.36306919875,0.723055044375,0.6051220693749999,-0.8115876520801587,0.8115876724111625,1.0470619169175102,-0.6355075614450818,-1.047061908734257,-0.15805611110338771,0.15805609703542806,-0.39525376228873016,0.7578771451154099,-0.3046430011866968,0.3383823459859992,0.16690562832912623
284,False,18,3.691512597286738e-05,0.1592366066111111,0.8407634061111111,0.4172222294444444,0.7784316544444444,0.5827777916666667,0.6044567377777779,0.39554324027777776,0.016916749000000002,0.19086860222222224,0.23235940055555554,0.6333994211111111,0.5312792211111111,-0.5334620942985069,0.533462158647257,-0.19438156638429546,0.3668880906117387,0.19438166539098237,-0.3859149753241137,0.3859149483942248,-0.4376673222582121,-0.08831786011588481,-0.8643531955536216,-0.13883381328278366,-0.24378216815986087
285,False,24,4.9220167963823175e-05,0.07152326,0.9284767500000001,0.35234433,0.8069192,0.64765567,0.7763635,0.2236365,0.020452153,0.48383337,0.5011113,0.0,0.80042416,-0.9867946958562482,0.9867947447070561,-0.49770890261920775,0.4845507689372313,0.4977089031408227,0.27479835440782974,-0.2747983127149149,-0.4166887948164387,0.9898333650351102,0.28646472286103386,-3.5102725253424802,1.2531067586246087
286,False,27,5.537268895930107e-05,0.12598190714814816,0.8740180937037038,0.3123510351851852,0.7326609444444445,0.6876489618518519,0.6409530866666666,0.3590469003703703,0.020538484148148146,0.04503009881481481,0.2120494103703704,0.6491666181481482,0.5182780951851852,-0.7053337649623205,0.7053337674193222,-0.6846918303544567,0.17784041302376458,0.6846918171568727,-0.24564344739977895,0.24564345165240697,-0.41617651945540346,-0.6250239026737117,-0.9513222576374728,-0.054908667948596765,-0.31608983076942315
287,False,28,5.7423529291127036e-05,0.08678885250000001,0.913211150357143,0.5035223403571429,0.8250706821428572,0.49647765821428563,0.6188482692857142,0.38115171892857136,0.02092299689285714,0.3197999964285714,0.21802793821428573,0.646250045,0.5158077742857142,-0.907896888057079,0.9078969002397834,0.20910225451749093,0.5595221981304151,-0.2091022611803934,-0.33060198716917977,0.3306019979677828,-0.4138948817227456,0.3861676613972087,-0.9257217056683844,-0.07043291266762647,-0.32982888161425034
288,False,30,6.152520995477898e-05,0.08285263106666667,0.9171473703333334,0.455100242,0.7248744733333333,0.5448997666666667,0.7137754459999999,0.2862245376666666,0.011609604533333333,0.32928748533333335,0.296185186,0.5873097003333334,0.5597638046666666,-0.928240627882579,0.9282406324701616,-0.017288338201287695,0.14567979589194757,0.017288378899117246,0.03424492285447141,-0.034244938214621344,-0.4691590770425092,0.421082944432316,-0.5910458898259472,-0.3841587436176405,-0.08536099225218248
289,False,79,0.0001620163862142513,0.5651304379746839,0.4348695620253164,0.027248729329113926,0.20329204810126586,0.9727512784810122,0.9971691582278481,0.0028308417721518986,0.0,0.0,0.0,0.4112904777215191,0.12973474468354426,1.564336172869408,-1.5643361676627598,-2.0176468694399374,-2.0086225114313554,2.0176469075635777,1.123451658009613,-1.1234516365074236,-0.5380486317555407,-0.7907409497238505,-1.8593354160483953,-1.3210683797823113,-2.4770304798586773
290,False,60,0.00012305041990955795,0.10122935814999999,0.89877064,0.42695279718333334,0.7166508656666666,0.5730472033333334,0.637753193,0.36224678558333345,0.015018296799999999,0.2376434736,0.42932061949999994,0.6073821503333333,0.5579074911666667,-0.833263411544686,0.833263399634453,-0.14888768915391462,0.11171366491477874,0.14888769184169104,-0.2579420467798222,0.25794201883374923,-0.4489324369592747,0.08382019342809693,-0.020948923946177717,-0.27731773189525827,-0.09568515117659586
291,False,38,7.79319326093867e-05,0.11459204186842106,0.8854079592105264,0.4459156294736843,0.7458504521052631,0.5540843536842105,0.5965700357894737,0.40342994526315784,0.013230448263157895,0.26663676210526316,0.2952360639473685,0.6059919952631577,0.5577195418421054,-0.7642004877376296,0.7642004911828347,-0.06022967994960953,0.23231729991947928,0.06022960141553267,-0.41622704137629146,0.41622702668665335,-0.45954124703921934,0.19051954079404612,-0.5951101091568197,-0.2847172060077139,-0.09673045882344944
292,False,20,4.101680663651931e-05,0.0720142892,0.9279857195,0.382754391,0.8135231124999999,0.6172456050000001,0.7890410079999999,0.21095897775,0.020903303850000002,0.1680723694,0.20796920600000002,0.6310958394999999,0.477060393,-0.9842568888601962,0.9842569310001558,-0.35553101343261384,0.5118270406210041,0.35553099515113135,0.32352359601615843,-0.3235236102515116,-0.41401173712031564,-0.17221117784325463,-0.9687940310832515,-0.15109524573951907,-0.5453281075254822
293,False,15,3.076260497738949e-05,0.05482975293333334,0.9451702533333334,0.39821832799999995,0.8234158666666668,0.6017816826666667,0.6636831399999998,0.33631684399999995,0.015439370733333336,0.1936428616,0.20412263000000003,0.6180458453333333,0.5264278106666668,-1.073072454943551,1.073072484227331,-0.2832315885424613,0.5526872807212154,0.28323163878117846,-0.1582818507486968,0.15828184125019207,-0.4464338509234358,-0.07810819849095339,-0.9852653884745648,-0.22055734826003132,-0.27076399662579864
294,False,23,4.716932763199721e-05,0.12017135695652179,0.8798286465217393,0.35643554173913056,0.713515381304348,0.6435644682608695,0.6918984347826086,0.3081015482608695,0.024349046434782612,0.053522177565217384,0.35747307217391305,0.6867097117391304,0.5626936404347826,-0.7353646774360003,0.7353646933725486,-0.47858102749639897,0.09876311123514955,0.47858107475790546,-0.04983805758896553,0.04983804183408763,-0.3935652463169592,-0.5937718679042265,-0.32860607921810836,0.14492454137306746,-0.0690662822840324
295,False,29,5.9474369622953006e-05,0.1813389372413793,0.8186610396551728,0.28857216,0.6885091000000001,0.7114277999999999,0.8815258931034482,0.11847409965517242,0.02827209472413793,0.3270231999999999,0.42444989620689644,0.0,0.7612669834482759,-0.4192296834713092,0.419229563020708,-0.7958665590424755,-0.004520831830154879,0.7958663727630239,0.6789837047208088,-0.6789837004758731,-0.37028649905253264,0.412750058451717,-0.041805764969181786,-3.5102725253424802,1.0353283964291453
296,False,25,5.1271008295649145e-05,0.43874484,0.56125516,0.022705907,0.19485708,0.9772941000000002,1.0,0.0,0.45836884000000006,0.0,0.28394789,0.39798567000000007,0.58826303,0.9111321378743915,-0.9111321347261568,-2.0388861852605515,-2.0434616286325737,2.038886219611752,1.1343318285686101,-1.1343318073252764,2.18183947393022,-0.7907409497238505,-0.6434470060184494,-1.391886795956663,0.07314161604324441
297,False,22,4.511848730017125e-05,0.16089873318181816,0.8391012672727275,0.18281323545454545,0.49213927545454533,0.8171867363636364,0.9254387745454546,0.07456122386363637,0.028244752590909087,0.10925796309090909,0.2798608977272727,0.0,0.6420612995454547,-0.5248716551974018,0.5248716561696707,-1.29032727895083,-0.8155910398010665,1.2903271482791823,0.8477602306736755,-0.84776020872694,-0.37044874294099855,-0.3886563999075464,-0.6609478458249755,-3.5102725253424802,0.37234855746004886
298,False,20,4.101680663651931e-05,0.09381317999999998,0.9061868000000001,0.21734641000000005,0.5562594,0.7826535700000001,1.0,0.0,0.022256753999999997,0.17213570000000003,0.5124892600000001,0.0,0.8327678400000001,-0.8715927589501731,0.8715926531137422,-1.1288723623104144,-0.5507544088646033,1.1288722697762328,1.1343318285686101,-1.1343318073252764,-0.4059805782731663,-0.1572575542460766,0.3351860910451198,-3.5102725253424802,1.4329908636103152
299,False,14,2.8711764645563518e-05,0.14183175857142855,0.8581682428571428,0.2902867357142857,0.6916926485714285,0.7097132707142857,0.7359370699999997,0.2640629207142857,0.025391534571428575,0.026319564,0.12533986028571428,0.6360471064285714,0.5064038357142858,-0.6234163070425337,0.6234163127383614,-0.787850305608859,0.00862824241223859,0.7878503363938181,0.11942179545695278,-0.11942178575648583,-0.3873792868106763,-0.6938812816235402,-1.3226197410836238,-0.12474079633468038,-0.3821302608407934
300,False,29,5.9474369622953006e-05,0.28731169758620684,0.7126882791034483,0.3329951275862068,0.7411534779310347,0.6670048720689657,0.65643694,0.34356303827586204,0.04266742210344827,0.09522020103448275,0.48810629965517255,0.6175253379310344,0.46321008310344824,0.12847381887448,-0.12847393866844212,-0.5881733300544983,0.21291729368561094,0.5881733290286124,-0.18613218582576935,0.18613215498948482,-0.2848669061403295,-0.44031732307696453,0.23077623300569033,-0.22332788885027346,-0.6223586309388935
301,False,30,6.152520995477898e-05,0.23577011233333334,0.7642298883333333,0.2624003000000001,0.5443386906666667,0.7375996893333336,0.5639928059999999,0.4360071669999999,0.03779638230000001,0.05710432233333333,0.577673535,0.6479058913333335,0.5102630523333334,-0.1379107375681017,0.13791074085609664,-0.9182293458480342,-0.5999907526894629,0.9182292967998886,-0.5414356701085442,0.5414356274479982,-0.31377088491803357,-0.5805890753121087,0.6143105616960715,-0.06161922537433902,-0.36066666339414144
302,False,58,0.00011894873924590601,0.20905242448275863,0.7909475929310344,0.05113653255172413,0.2476461577586207,0.9488634753448275,0.9612440551724137,0.038755942241379314,0.034100751,0.01415749627586207,0.31713079982758613,0.4115329844827587,0.09461363163793104,-0.2759968944514876,0.2759969838592201,-1.905962863298173,-1.8254258465291662,1.905962901746019,0.9853756791831622,-0.9853756643358714,-0.33570017578315875,-0.7386393879194307,-0.5013550345992189,-1.3197775723462306,-2.672361684789964
303,False,15,3.076260497738949e-05,0.08904767993333333,0.9109523133333333,0.34868476733333337,0.7535463539999999,0.6513152333333333,0.6636086759999998,0.33639130399999995,0.010185974466666666,0.14251403199999998,0.3358301113333333,0.5846176806666666,0.5532126426666667,-0.8962224946336581,0.8962224572862867,-0.5148186642633137,0.26410383720817077,0.5148186679140684,-0.1585680486663887,0.15856802380093263,-0.47760667240091814,-0.26626942583549906,-0.4212830321787129,-0.3984877420589483,-0.12179623749905474
304,False,20,4.101680663651931e-05,0.07845855519999997,0.92154144,0.8179597860000001,0.3384150255,0.182040218,0.7395551959999999,0.26044479649999996,0.021191538249999996,0.36698076300000004,0.4234661015,0.8218163315,0.7610221925000001,-0.9509507161535214,0.9509506886258163,1.67920954245505,-1.4505213793754386,-1.6792095247887073,0.1333278457248274,-0.13332782949191993,-0.41230139983776937,0.5597994658916446,-0.046018455480684284,0.864065849267349,1.0339669557817237
305,False,20,4.101680663651931e-05,0.435072862,0.5649271259999998,0.358351505,0.8180731480000001,0.641648493,1.0,0.0,0.41364479099999996,0.0,0.253857876,0.7262653269999999,0.58826303,0.8921540985688894,-0.8921541575005678,-0.4696232154029118,0.5306201431142336,0.4696232065537293,1.1343318285686101,-1.1343318073252764,1.9164540500143896,-0.7907409497238505,-0.7722949410400437,0.35546993836110913,0.07314161604324441
306,False,61,0.0001251012602413839,0.4839983522950818,0.5160016401475411,0.35855685606557375,0.8184544360655738,0.6414431452459015,1.0,0.0,0.26412269081967216,0.0,0.25381239147540985,0.7262346473770489,0.5882925393442623,1.1450177807208581,-1.1450178158947018,-0.4686631258770969,0.5321949848260776,0.4686631325095564,1.1343318285686101,-1.1343318073252764,1.0292135870334675,-0.7907409497238505,-0.77248970954593,0.35530663781955363,0.07330573657564311
307,False,22,4.511848730017125e-05,0.1279789309090909,0.872021061818182,0.3144443004545455,0.6683326922727274,0.6855557040909089,0.6794733454545454,0.3205266368181817,0.01656952531818182,0.1623768049090909,0.4760055477272729,0.5259582740909089,0.5338924122727273,-0.6950124625391597,0.6950124230380808,-0.6749050680883351,-0.08785585160391345,0.6749050899882838,-0.09759314317163288,0.09759312559058442,-0.4397276925970635,-0.19317164991769203,0.17895980985219997,-0.7107182044882256,-0.2292485234643938
308,False,28,5.7423529291127036e-05,0.055519862142857146,0.9444801371428573,0.2289260303571429,0.5280778278571429,0.7710739649999999,0.6063676750000001,0.39363230142857136,0.008958558535714286,0.08507225671428571,0.49431294750000015,0.4538000567857144,0.5625331142857143,-1.0695057343086694,1.0695057275237378,-1.0747335041226365,-0.6671533190931118,1.0747334833498634,-0.3785704027274229,0.37857036936957955,-0.4848899641520035,-0.4776631741995254,0.2573536137344685,-1.0947997162603573,-0.06995907193109682
309,False,21,4.306764696834528e-05,0.7366593652380952,0.26334063047619044,0.44093634428571443,0.9505302961904762,0.5590636838095238,0.9751350257142858,0.02486497261904762,0.048953400428571436,0.05722493180952381,0.6020407542857142,0.69455534,0.5655011585714286,2.4508563872159055,-2.450856401365647,-0.08350961541845409,1.0777105475526991,0.08350974699914424,1.038764791288388,-1.0387647741771053,-0.24756690625573657,-0.580145215610118,0.7186530152151245,0.1866850071352948,-0.05345185970621537
310,False,28,5.7423529291127036e-05,0.07936895567857143,0.9206310428571428,0.3361861882142857,0.7371844850000001,0.6638138146428572,0.6724005914285713,0.3275993889285714,0.012782595750000002,0.11310204807142857,0.30905198964285713,0.6034858664285715,0.5424546517857143,-0.9462454548294947,0.9462454445567301,-0.5732539826593483,0.1965240829188307,0.5732539965931477,-0.12477684905072749,0.12477682475398588,-0.46219873292687175,-0.3745096307831603,-0.5359491697077555,-0.2980567505174189,-0.1816283766082876
311,False,19,3.896596630469335e-05,0.12390877789473682,0.8760912168421052,0.4015340944210526,0.6414092921052631,0.5984659031578948,0.6924553663157894,0.30754461605263156,0.021433603631578948,0.23041943621052632,0.33226060368421056,0.6082127636842106,0.5468431163157895,-0.7160484066231982,0.7160483774419711,-0.26772919705495163,-0.199058108995831,0.2677291860928246,-0.047697524645619535,0.04769750624527356,-0.4108650221988468,0.0572347278068332,-0.43656795991697345,-0.2728965690198818,-0.15722128952808825
312,False,18,3.691512597286738e-05,0.09291451611111111,0.9070854827777777,0.5529386144444445,0.7502760783333332,0.44706138611111107,0.6668119088888889,0.3331880788888888,0.020736210666666668,0.42314743833333335,0.3048901788888889,0.6427915777777777,0.5267674000000001,-0.8762373615610188,0.8762373533341944,0.44014097361768284,0.25059655231231037,-0.44014097116929785,-0.14625661518601835,0.14625661992107833,-0.4150032416080323,0.766500668505964,-0.5537703884549275,-0.08884153428735556,-0.26887532090029803
313,False,19,3.896596630469335e-05,0.07777142089473683,0.9222285894736842,0.4505197289473684,0.8817684794736843,0.5494802863157895,0.6797188452631578,0.32028114026315785,0.021347858526315787,0.017238544842105265,0.2904553057894737,0.7422838963157894,0.6234824521052632,-0.9545020614648069,0.9545021123215027,-0.03870387160698518,0.7937022427429313,0.038703943161079585,-0.09664957938216893,0.09664957428364447,-0.4113738200742129,-0.7273006992721852,-0.6155817120109223,0.4407330802318855,0.2690195811826181
314,False,23,4.716932763199721e-05,0.1585272465217391,0.841472760869565,0.24944316000000005,0.6158556300000001,0.7505568000000001,1.0,0.0,0.02764440639130435,0.23742840999999992,0.3910137808695653,0.0,0.7348130478260869,-0.5371283100704577,0.537128346855645,-0.9788086000328642,-0.304602909914755,0.9788084138842343,1.1343318285686101,-1.1343318073252764,-0.3740111022139338,0.08302872937054401,-0.18498198337702226,-3.5102725253424802,0.8882009658848486
315,False,24,4.9220167963823175e-05,0.14910997875,0.8508899958333332,0.3171975,0.7416597,0.6828024999999999,0.8939011350000001,0.10609885729166667,0.026843451499999994,0.39601842000000004,0.38930649666666667,0.0,0.7334097370833333,-0.5857999736595375,0.5857998407285243,-0.6620328775365893,0.21500815280668809,0.6620328781757108,0.726547204690283,-0.7265472033716628,-0.3787638416934533,0.666662095509318,-0.19229271590238683,-3.5102725253424802,0.8803962480241397
316,False,21,4.306764696834528e-05,0.20123166333333334,0.7987683366666667,0.8168585528571428,0.3404597523809524,0.18314144333333335,0.8955269685714287,0.10447303000000001,0.03279792161904761,0.3509650085714286,0.4250772338095238,0.8227239938095239,0.7611197742857143,-0.31641726529595793,0.31641726457587227,1.6740608844581535,-1.4420760031043311,-1.6740609033004406,0.7327959985055019,-0.7327959731996612,-0.3434309590034805,0.5008592547875585,-0.03911945333569665,0.868897125940192,1.0345096711494897
317,False,75,0.00015381302488694741,0.42210650000000005,0.5778935000000001,0.30201039173333327,0.7134607730666664,0.6979896037333333,1.0,0.0,0.2923455,0.040941543999999996,0.7179914999999999,0.5982054526666668,0.5882630300000001,0.8251395010725625,-0.825139498195312,-0.7330380292922187,0.09853756174048649,0.7330380087871642,1.1343318285686101,-1.1343318073252764,1.1966832671247505,-0.6400703549011456,1.2151637230366523,-0.32616317243575427,0.07314161604324503
318,False,19,3.896596630469335e-05,0.3108872542105263,0.6891127215789473,0.5656827052631579,0.8068350936842105,0.43431728684210524,0.7997319842105263,0.20026800394736843,0.05116204252631579,0.0,0.5813432321052632,0.91075846,0.8892792610526318,0.2503203659576663,-0.2503204900201053,0.4997241468381155,0.4842033829414606,-0.4997241839404712,0.364613721842685,-0.36461372780103385,-0.23446117382555717,-0.7907409497238505,0.6300245089932673,1.3374842408280292,1.7472873937986866
319,False,22,4.511848730017125e-05,0.07749380040909089,0.9225062090909091,0.28798396272727284,0.6874169531818181,0.7120160022727272,0.6296842599999999,0.37031571545454534,0.0209716595,0.3267486977272728,0.1803530763636364,0.0,0.5635228354545453,-0.9559368991704252,0.9559369455343021,-0.7986165912328634,-0.00903174764427291,0.7986164283321634,-0.2889545067953414,0.2889544675617909,-0.4136061255185509,0.41173985178457273,-1.0870485881244714,-3.5102725253424802,-0.0644545929528058
320,False,20,4.101680663651931e-05,0.1489376425,0.851062325,0.2885721600000001,0.6885090999999999,0.7114277999999998,0.6809661549999999,0.3190338254999999,0.026858490100000004,0.32702320000000007,0.3603853740000001,0.0,0.7101327199999999,-0.5866906663941517,0.5866904968512408,-0.7958665590424752,-0.004520831830155796,0.7958663727630234,-0.0918556192215403,0.09185559469061638,-0.37867460502268346,0.4127500584517176,-0.31613536130980385,-3.5102725253424802,0.750937714401113
321,False,25,5.1271008295649145e-05,0.149192266,0.8508077000000001,0.3171975,0.7416597,0.6828025,0.666241516,0.33375846359999994,0.026876536120000002,0.39601842000000004,0.36047285879999996,0.0,0.710203964,-0.5853746849827423,0.585374507691465,-0.6620328775365893,0.21500815280668809,0.6620328781757113,-0.14844888604262366,0.1484488593990423,-0.3785675227979124,0.666662095509318,-0.3157607441419368,-3.5102725253424802,0.7513339483230294
322,False,44,9.02369746003425e-05,0.057293745454545464,0.9427062547727274,0.3496364752272727,0.7529142795454546,0.6503635265909091,0.5943932786363636,0.4056066973863638,0.008599200727272728,0.20167587949999996,0.31247552750000007,0.5492801402272728,0.5560868925000001,-1.0603376981133013,1.060337696223557,-0.510369090173919,0.2614931674655675,0.5103690992052361,-0.42459327693362225,0.4245932431108942,-0.4870223364765828,-0.04854557170739998,-0.5212892967226143,-0.5865813017552212,-0.10581067683389565
323,False,20,4.101680663651931e-05,0.06700631175000002,0.9329936905,0.43697004100000003,0.7939803925000001,0.5630299635,0.6736768659999999,0.3263231159999999,0.01594064885,0.252533078,0.2992195965,0.6128138705000001,0.533453191,-1.0101398306662657,1.010139839388854,-0.10205349893900095,0.4311093539224141,0.10205352021679161,-0.11987156428565993,0.11987154618643706,-0.44345934596545866,0.13861601528627523,-0.5780522924506569,-0.24840594095795104,-0.23169131678708432
324,False,22,4.511848730017125e-05,0.08522619549999999,0.9147738131818184,0.7416205440909089,0.44460945909090893,0.2583794545454545,0.7240345809090908,0.27596541227272725,0.02227726181818182,0.3065448697272727,0.5033906468181817,0.8069498768181816,0.7377617140909092,-0.9159732343660761,0.9159732766272461,1.3222963393957292,-1.0119043895334254,-1.3222963465510758,0.0736752925405247,-0.07367527226786669,-0.40585888812785376,0.3373869455420619,0.2962250749406556,0.7849351472887452,0.9046004044134607
325,False,75,0.00015381302488694741,0.41892200000000007,0.5810779999999998,0.30201039173333327,0.7134607730666664,0.6979896037333333,1.0,0.0,0.26828409999999997,0.040941543999999996,0.70947725,0.5982054526666668,0.5882630300000001,0.8086809149458561,-0.8086809121204722,-0.7330380292922187,0.09853756174048649,0.7330380087871642,1.1343318285686101,-1.1343318073252764,1.05390673007623,-0.6400703549011456,1.1787049985323168,-0.32616317243575427,0.07314161604324503
326,False,20,4.101680663651931e-05,0.4765072655000001,0.523492738125,0.3278172775,0.7613781805000001,0.6721827259999998,1.0,0.0,0.27008871599999995,0.0,0.22596704549999996,0.7105526674999999,0.58826303,1.1063012797946576,-1.106301257296154,-0.6123816272947277,0.29645178660849647,0.6123816442620929,1.1343318285686101,-1.1343318073252764,1.064615035627127,-0.7907409497238505,-0.8917257899576383,0.27183508373054294,0.07314161604324441
327,False,45,9.228781493216845e-05,0.469351947111111,0.5306480508222223,0.2768037022222222,0.666657782,0.7231963013333332,1.0,0.0,0.2650625793333333,0.0,0.1797102551111111,0.684479841111111,0.5882630300000001,1.069320144932815,-1.0693201519673303,-0.8508882995719009,-0.09477376695255782,0.850888316969563,1.1343318285686101,-1.1343318073252764,1.0347907366254372,-0.7907409497238505,-1.0898012020307286,0.13305545544147387,0.07314161604324503
328,False,26,5.332184862747511e-05,0.4725852515384614,0.5274147470384616,0.27731090192307695,0.6675995353846154,0.7226891057692308,0.59515834,0.40484163,0.1809460273076923,0.0,0.18016151000000002,0.6847475253846154,0.58826303,1.0860309690469327,-1.0860309727024964,-0.8485169599398101,-0.0908840241405686,0.8485169966765702,-0.42165280947042827,0.4216527524297501,0.5356564382603074,-0.7907409497238505,-1.0878688911783065,0.1344802769557072,0.07314161604324441
329,False,17,3.4864285641041416e-05,0.24391446647058826,0.7560855476470589,0.39723545,0.8902716411764705,0.6027645470588235,0.7605580070588235,0.23944197676470586,0.03860432370588235,0.0,0.2973895870588235,0.7480323005882352,0.632098314117647,-0.09581792738929558,0.09581800032920766,-0.2878268940029777,0.8288230213383855,0.28782688062345757,0.21405089029283453,-0.21405090932794316,-0.3089766885674474,-0.7907409497238505,-0.5858885446227435,0.471330507464604,0.3169379574087621
330,False,35,7.17794116139088e-05,0.09219258028571428,0.9078074222857144,0.45659559257142857,0.7921311205714285,0.5434043974285714,0.6077095628571428,0.39229041585714286,0.018439162914285715,0.2842147706857143,0.26859091485714287,0.6087256211428571,0.5313775525714286,-0.8799685730417062,0.8799685838357506,-0.010297040556745584,0.42347126914450517,0.01029699397624596,-0.37341293723416014,0.37341291253861875,-0.42863355919221446,0.2552090651709281,-0.709206846985459,-0.2701667473114625,-0.24323528336718597
331,False,22,4.511848730017125e-05,0.10445678063636364,0.895543215909091,0.7211663740909091,0.5082291754545454,0.27883362818181817,0.7539047227272726,0.2460952656818181,0.023377795272727268,0.29550592454545455,0.38020945090909086,0.7771297336363634,0.6929360086363637,-0.8165829873151098,0.8165829671646019,1.2266657941079797,-0.7491346045038478,-1.2266657841936428,0.18847939102470337,-0.18847939182709744,-0.39932849689766586,0.2967620869202236,-0.23124702016627313,0.6262094178809362,0.65529568998258
332,False,68,0.00013945714256416566,0.46086121058823526,0.5391387905147059,0.28053270720588236,0.6735816917647057,0.7194673049999998,0.59515834,0.40484163,0.15431113941176475,0.0,0.18149754838235294,0.6854999667647058,0.5882630300000001,1.0254371120105594,-1.0254371028017433,-0.8334538703103783,-0.06617580417578832,0.8334539281389379,-0.42165280947042827,0.4216527524297501,0.37760923159502235,-0.7907409497238505,-1.0821478640403408,0.13848534849957203,0.07314161604324503
333,False,20,4.101680663651931e-05,0.208471628,0.7915283719999999,0.5487857275000001,0.8382088620000001,0.45121427149999993,0.812879701,0.18712028825000002,0.033715976999999994,0.0163766176,0.4147186775000001,0.8104266044999999,0.7282469970000001,-0.2789986494942168,0.2789986488920462,0.420724744896811,0.613787084773554,-0.4207247497073188,0.4151461827305022,-0.41514618569365236,-0.337983363763339,-0.7304727117947685,-0.08347565038788267,0.8034409651141068,0.8516829142549386
334,False,20,4.101680663651931e-05,0.05024442090000001,0.9497555824999999,0.498561985,0.72411037,0.501438021,0.627464424,0.3725355594999999,0.012357762349999999,0.338745889,0.38956139049999994,0.615246045,0.5630667680000001,-1.0967710205551582,1.0967710349483426,0.18591082276423013,0.1425238046345715,-0.18591079467932572,-0.29748631331684866,0.2974863052085058,-0.4647196270425321,0.4558911897327355,-0.1912012393721755,-0.23546003827714387,-0.06699107877859833
335,False,98,0.00020098235251894464,0.5199725679591837,0.4800274301122449,0.2805363692857142,0.6735884894897959,0.7194636401020407,0.5951583400000001,0.40484163,0.12855025290816327,0.0,0.18127966153061228,0.6853772928571429,0.5882630300000001,1.3309448420643446,-1.3309448475606904,-0.8334367487800887,-0.06614772739609284,0.8334367934328851,-0.4216528094704278,0.4216527524297501,0.22474821077810447,-0.7907409497238505,-1.0830808736067417,0.13783238364495978,0.07314161604324503
336,False,36,7.383025194573476e-05,0.27109078361111105,0.728909215,0.0,0.1343008,1.0,0.6704226716666667,0.32957730625,0.043126639361111115,0.0,0.4977239688888889,0.0,0.8216440427777778,0.04463858266376866,-0.04463858942432884,-2.1450444047171686,-2.293578441270331,2.1450444064167824,-0.13237886502111318,0.13237883152541136,-0.2821419836585945,-0.7907409497238505,0.27195989016467587,-3.5102725253424802,1.3711242390529998
337,False,20,4.101680663651931e-05,0.11472444199999998,0.8852755474999998,0.44333603899999996,0.9223479339999999,0.5566639275,0.7256710959999999,0.2743288845,0.024061356050000003,0.31600873150000003,0.5183426715000001,0.5929899605000001,0.4211412665,-0.7635161985340564,0.7635161421374528,-0.07229018612597939,0.9613083741747311,0.07229002971892318,0.07996514013519579,-0.07996516875399118,-0.39527235549935996,0.3722152774343981,0.3602508844548757,-0.3539240317088791,-0.8563305049655687
338,False,26,5.332184862747511e-05,0.0747182168076923,0.9252817903846154,0.8915284488461539,0.201815055,0.1084715458846154,0.7557128823076922,0.24428710192307687,0.020845463807692307,0.5535060707692309,0.4241452019230768,0.8221989111538461,0.7618207584615385,-0.970282065367785,0.9702820997595134,2.0231692995152657,-2.01472296553416,-2.023169325431849,0.19542894391966972,-0.19542896094653306,-0.414354950771368,1.246238625857817,-0.043110491157844995,0.8661022323337569,1.0384082971276491
339,False,21,4.306764696834528e-05,0.027255985714285717,0.9727440142857143,0.16990150952380953,0.46816519000000006,0.8300984657142857,0.4688740276190475,0.5311259452380951,0.0,0.0,0.055810743380952384,0.6146929052380952,0.58826303,-1.215583123058624,1.2155831195050382,-1.3506942061525817,-0.9146116837342156,1.3506940915134182,-0.9070189896458708,0.9070189551340331,-0.5380486317555407,-0.7907409497238505,-1.620349185046448,-0.23840427337479225,0.07314161604324441
340,False,13,2.6660924313737554e-05,0.1929148876923077,0.8070851192307692,0.4090076230769232,0.8846568153846154,0.5909923615384616,0.6942085876923076,0.3057913934615385,0.03197384161538462,0.01889609723076923,0.24094177615384618,0.7168501530769231,0.5839886215384615,-0.3594012088300496,0.35940124375534166,-0.23278778312397658,0.805631994238057,0.23278771152758068,-0.04095912344218601,0.040959100213377814,-0.3483209192374625,-0.7212006751902943,-0.8276027515884087,0.30535514383011175,0.04936886846327892
341,False,24,4.9220167963823175e-05,0.20825854708333333,0.7917414725,0.0,0.1343008,1.0,0.8023997508333333,0.19760024020833333,0.033622195875000004,0.0,0.29888934166666664,0.0,0.6575807004166667,-0.2800999246139894,0.2801000252217192,-2.1450444047171686,-2.293578441270331,2.1450444064167824,0.3748671228463291,-0.3748671179650171,-0.3385398461071765,-0.7907409497238505,-0.579466471031827,-3.5102725253424802,0.45866197435114997
342,False,28,5.7423529291127036e-05,0.36383956928571426,0.6361604285714286,0.3171975000000001,0.7416596999999999,0.6828025000000001,0.7474063471428573,0.2525936485714285,0.02429767335714286,0.39601842000000015,0.3823856060714285,0.0,0.7271737971428571,0.523996057046841,-0.5239960661935897,-0.6620328775365891,0.2150081528066876,0.6620328781757118,0.16350327423484967,-0.16350324636594502,-0.39387008602383117,0.6666620955093184,-0.22192854331366052,-3.5102725253424802,0.8457141563469657
343,False,23,4.716932763199721e-05,0.4141174678260868,0.5858825304347828,0.28884543565217397,0.6890165086956519,0.7111545260869564,0.7606065295652175,0.23939346782608686,0.024061356391304353,0.32710844913043485,0.3829234926086956,0.0,0.727679215652174,0.7838494479705435,-0.7838494542118302,-0.7945888978305437,-0.002425071561176827,0.7945887196812338,0.21423738363580763,-0.2142373505284226,-0.395272353474114,0.413063787147214,-0.21962526855935888,-3.5102725253424802,0.8485251152790251
344,False,25,5.1271008295649145e-05,0.07984148979999998,0.9201585128,0.6666502068,0.5916079708,0.33334978480000005,0.6458618552000001,0.35413813040000003,0.02169231564,0.4114782483200001,0.3225362424,0.7147365695999999,0.6027363,-0.9438032367307855,0.9438032474713371,0.9717832540182151,-0.4047535009522263,-0.9717832938204226,-0.22677688996703782,0.2267768882476374,-0.40932986611253325,0.723556420961023,-0.47820848128311405,0.29410502752471845,0.15363682314912927
345,False,24,4.9220167963823175e-05,0.6482969516666667,0.3517030283333334,0.09794217208333333,0.32795867791666666,0.9020578454166666,0.59515834,0.40484163,0.1985563191666667,0.04661221291666667,0.4196667070833333,0.45827103124999996,0.58826303,1.9941691854168755,-1.9941692822225612,-1.687129792538046,-1.4937094406198852,1.687129875728954,-0.42165280947042827,0.4216527524297501,0.6401531212479189,-0.6192015020137999,-0.06228777741985257,-1.071001752626162,0.07314161604324441
346,False,29,5.9474369622953006e-05,0.45054729482758615,0.5494527003103449,0.35850671310344817,0.8183613403448277,0.64149329,0.59515834,0.40484163,0.20265470103448274,0.0,0.2540990810344827,0.7264012172413793,0.58826303,0.972131264671813,-0.9721312864601913,-0.46889756212214684,0.5318104697114895,0.4688975771328868,-0.42165280947042827,0.4216527524297501,0.6644722701997348,-0.7907409497238505,-0.77126208108159,0.3561932507057493,0.07314161604324441
347,False,20,4.101680663651931e-05,0.11329187815,0.8867081184999999,0.4336180655,0.9129429745,0.5663819325,0.7518458389999999,0.24815415000000002,0.023988671099999997,0.0040941544,0.36371667100000005,0.7615207370000001,0.6508729504999999,-0.7709201789100121,0.7709201594437245,-0.1177251807943969,0.9224628821278751,0.11772517169357409,0.18056619490959785,-0.18056619325260104,-0.39570365648170286,-0.77567389024158,-0.3018704713235903,0.543126336712453,0.4213558425124863
348,False,27,5.537268895930107e-05,0.2567001300000001,0.7432998399999998,0.17583490999999998,0.4791821200000001,0.8241650999999998,0.5951583399999999,0.40484163,0.040302772,0.04094154400000001,0.61529994,0.41125375,0.07906608000000001,-0.02973724144616039,0.029737086579206602,-1.3229534411668264,-0.8691082377389646,1.3229534890321364,-0.4216528094704287,0.4216527524297501,-0.2988983653697081,-0.6400703549011455,0.7754299478996204,-1.321263872954563,-2.758831666285831
349,False,57,0.00011689789891408004,0.4827611198245614,0.5172388810877194,0.35761369947368427,0.8167032196491228,0.6423863033333332,0.593649925263158,0.40635004473684216,0.10805448663157895,0.0,0.2532373715789474,0.7259157621052632,0.5881975212280703,1.1386233397804222,-1.1386233312003253,-0.4730727195772631,0.5249619006881217,0.4730727332050696,-0.4274503110376284,0.4274502541348819,0.10312957956269064,-0.7907409497238505,-0.7749519924234163,0.3536092852262752,0.07277727943073517
350,False,20,4.101680663651931e-05,0.09040836955,0.9095916210000002,0.6638627945,0.5710042095000001,0.3361372035,0.7086856969999998,0.29131429224999994,0.022245475749999997,0.463510034,0.26844371149999996,0.7041532119999999,0.5844436340000001,-0.8891899848997522,0.8891899335338803,0.9587511066276936,-0.48985362772198765,-0.9587511164982979,0.014682777853202001,-0.014682771288732237,-0.4060475016225544,0.9150406526766879,-0.7098371839668944,0.23777226130017867,0.05189948679122451
351,False,21,4.306764696834528e-05,0.06636020595238094,0.9336397976190478,0.5013717295238095,0.857417238095238,0.49862823761904757,0.8269367114285713,0.17306327714285716,0.020222997142857146,0.13603491695238096,0.24972007714285713,0.6973602271428571,0.581375159047619,-1.013479126605056,1.0134791421467173,0.19904738127191696,0.6931238241652105,-0.19904753486741877,0.4691734591812794,-0.46917346603786797,-0.41804856938181073,-0.290113473293736,-0.7900133388539354,0.20161477306371683,0.03483371473065125
352,False,18,3.691512597286738e-05,0.1945515316666667,0.8054484788888888,0.0,0.1343008,1.0,0.6595060977777778,0.34049388527777774,0.02270094311111111,0.0,0.2428425961111111,0.0,0.6145526422222223,-0.35094247251014293,0.35094252623598354,-2.1450444047171686,-2.293578441270331,2.1450444064167824,-0.17433606199320642,0.1743360492467404,-0.4033448304330944,-0.7907409497238505,-0.819463282914801,-3.5102725253424802,0.2193551379744448
353,False,44,9.02369746003425e-05,0.49525519318181827,0.5047448120454545,0.2776860113636364,0.6682960286363636,0.7223139984090909,0.5951583400000001,0.40484163,0.1041610659090909,0.0,0.18006383545454543,0.6846924636363636,0.5882630300000001,1.2031969878959192,-1.2031969568109788,-0.8467631894204841,-0.08800728415338677,0.846763235882694,-0.4216528094704278,0.4216527524297501,0.0800266375880012,-0.7907409497238505,-1.0882871416811475,0.1341871959969592,0.07314161604324503
354,False,25,5.1271008295649145e-05,0.43398465480000004,0.5660153312799999,0.35971637440000004,0.8206073960000001,0.64028363,0.59515834,0.40484163,0.09581232,0.0,0.2544865972,0.7266195276,0.58826303,0.8865298712412394,-0.8865299401138578,-0.4632419638063637,0.541087398239443,0.46324198487490215,-0.42165280947042827,0.4216527524297501,0.030486501536150547,-0.7907409497238505,-0.7696027047278805,0.3573552662835446,0.07314161604324441
355,False,20,4.101680663651931e-05,0.38801232,0.6119876800000001,0.0,0.13430080000000003,1.0,0.5951583399999999,0.40484163000000006,0.09507243174999998,0.0,0.0,0.0,0.58826303,0.6489291076200793,-0.6489291052981122,-2.1450444047171686,-2.293578441270331,2.1450444064167824,-0.4216528094704287,0.4216527524297503,0.026096121835140047,-0.7907409497238505,-1.8593354160483953,-3.5102725253424802,0.07314161604324441
356,False,28,5.7423529291127036e-05,0.46376167071428565,0.5362383445714285,0.27729564785714284,0.6675712153571428,0.7227043639285714,0.59515834,0.40484163,0.08462293232142858,0.0,0.18007047678571428,0.6846962439285713,0.58826303,1.0404276828353918,-1.0404276002779107,-0.8485882781425598,-0.09100099491561041,0.848588334017507,-0.42165280947042827,0.4216527524297501,-0.03590955290955138,-0.7907409497238505,-1.0882587029503814,0.13420731761858873,0.07314161604324441
357,False,19,3.896596630469335e-05,0.1446921640526316,0.8553078294736842,0.521108817368421,0.8448097857894737,0.4788911778947368,0.7021934778947369,0.2978065055263157,0.021705348842105263,0.0258578172631579,0.3393149742105263,0.7668716600000001,0.6744928052631579,-0.6086327523338875,0.6086327172347406,0.2913253115410222,0.6410510121265534,-0.2913253337300688,-0.010269676878291684,0.010269661633207968,-0.4092525291552805,-0.6955805740463527,-0.4063605603726269,0.5716080630073778,0.552721118014935
358,False,13,2.6660924313737554e-05,0.38671465230769225,0.6132853276923076,0.2805022076923077,0.6735250507692309,0.719497803076923,0.5951583400000001,0.40484163,0.09277503846153846,0.0,0.18110114923076923,0.6852768861538462,0.5882630300000001,0.6422223167650968,-0.6422224178311122,-0.8335964664222789,-0.06640974961056079,0.8335965175340824,-0.4216528094704278,0.4216527524297501,0.01246375389457767,-0.7907409497238505,-1.083845278076967,0.13729794197172468,0.07314161604324503
359,False,22,4.511848730017125e-05,0.052753331363636365,0.947246668181818,0.2617473891818181,0.6387017004545453,0.7382526136363637,0.6462473045454544,0.3537526761363635,0.013742999227272729,0.04374701881818182,0.23804418454545456,0.6220236872727273,0.5499219177272727,-1.0838041124220277,1.0838041069344633,-0.921281936961094,-0.210241328863401,0.9212819509616093,-0.225295438526815,0.2252954178694301,-0.456499850789741,-0.6297458160997859,-0.8400104791247655,-0.19938421507117898,-0.1400980853554838
360,False,22,4.511848730017125e-05,0.3876551399999999,0.6123448600000001,0.3961089986363637,0.8881800786363635,0.6038910027272727,0.5951583399999998,0.40484163,0.09444082499999999,0.04094154400000002,0.61525226,0.669916756818182,0.5341988999999999,0.647083079109249,-0.6470830767931001,-0.29309345618294735,0.8201841988089287,0.2930934629337299,-0.4216528094704291,0.4216527524297501,0.02234826740682463,-0.6400703549011455,0.7752257781859796,0.05553952392066386,-0.22754394716047496
361,False,38,7.79319326093867e-05,0.37936189999999986,0.62063813,0.0,0.13430080000000003,1.0,0.5951583400000002,0.40484163,0.08120708,0.0,0.18552690000000002,0.0,0.58826303,0.6042207758247624,-0.6042206185934149,-2.1450444047171686,-2.293578441270331,2.1450444064167824,-0.42165280947042744,0.4216527524297501,-0.056178679623820775,-0.7907409497238505,-1.0648938462984499,-3.5102725253424802,0.07314161604324441
362,False,20,4.101680663651931e-05,0.057603940099999994,0.9423960575000002,0.7702984945000001,0.42691096449999993,0.22970148999999992,0.7177889399999999,0.2822110505,0.019878189900000003,0.459296438,0.32118447050000004,0.760419281,0.6701841975,-1.058734505998917,1.0587344905355804,1.4563759933419147,-1.0850048351943007,-1.4563760666856855,0.04967054631639958,-0.04967053578004017,-0.42009460095455337,0.8995340314397707,-0.4839968806482726,0.5372635410194658,0.5287581660190543
363,False,30,6.152520995477898e-05,0.08248441146666667,0.9175155926666668,0.3698762129999999,0.8394718760000001,0.630123778,0.624615988,0.37538399049999993,0.013454308666666668,0.1674075832666667,0.16551008866666667,0.5878775523333333,0.538224887,-0.9301437128253145,0.930143731533703,-0.41574109208419063,0.6190037367210787,0.41574105046897797,-0.30843410623528855,0.3084340791702093,-0.4582128948570825,-0.1746576835768737,-1.1506074922281877,-0.38113619867725884,-0.20515283185822397
364,False,20,4.101680663651931e-05,0.081717577,0.9182824205,0.402291428,0.76255457,0.5977085539999999,0.675247978,0.324752002,0.015339114850000002,0.22646939989999995,0.3441277575,0.58253007,0.5403085795000001,-0.9341069758539096,0.9341069602664703,-0.264188392264561,0.3013106516537159,0.26418830846276176,-0.1138330895480575,0.11383306361829097,-0.44702875345783005,0.04269804300378104,-0.3857518232495693,-0.40959961109880644,-0.19356407138236162
365,False,30,6.152520995477898e-05,0.30526704000000005,0.6947329600000001,0.0687321704,0.28031717400000006,0.931267817666667,0.5091786999999999,0.49082126999999987,0.0,0.016102589266666665,0.3661773279999999,0.3924789003333332,0.58826303,0.2212731749906429,-0.22127317401632873,-1.823696976091975,-1.6904840956830078,1.8236969217692045,-0.7521103988008521,0.7521103496222509,-0.5380486317555407,-0.731481174298811,-0.2913337340111246,-1.4211980580352241,0.07314161604324441
366,False,47,9.638949559582039e-05,0.33433072723404256,0.6656692738297872,0.22344610557446803,0.5656441261702129,0.7765538829787234,0.5489484157446808,0.4510515574468087,0.010520444212765958,0.06542639574468083,0.3492465832765958,0.468459620212766,0.5532214165957448,0.3714842597766838,-0.37148425283078035,-1.1003541083858772,-0.5119924869438414,1.1003540558205243,-0.5992578817009498,0.5992578411520594,-0.47562198189680965,-0.5499626839125575,-0.36383258681951397,-1.016770248609192,-0.12174744000973338
367,False,23,4.716932763199721e-05,0.1811910595652174,0.8188089413043479,0.16435655586956519,0.45161820826086974,0.8356434508695654,0.5166551904347826,0.4833447795652173,0.005047654217391304,0.04866436817391304,0.3711007791304349,0.45747745347826096,0.5720053143478261,-0.4199939659236025,0.4199939693713312,-1.3766188436006273,-0.982956012866825,1.376618876258586,-0.7233749562503801,0.7233749063881206,-0.5080966510155386,-0.6116492843134159,-0.27025110801645813,-1.0752257836743393,-0.01727804644424653
368,False,20,4.101680663651931e-05,0.08585726554999998,0.9141427405000002,0.9777603355000002,0.0417024401,0.022239666399999997,0.6468417209999999,0.35315826175,0.0197284328,0.999873475,0.4232493504999999,0.8214789204999999,0.7598244475,-0.9127116483180593,0.9127116769873701,2.4263341476561973,-2.6760392964231228,-2.4263341403423677,-0.22301083453652795,0.22301082177372245,-0.4209832358692479,2.888932958658669,-0.046946601235747135,0.8622698885048976,1.0273055218531748
369,False,20,4.101680663651931e-05,0.059761671100000004,0.9402383284999999,0.520642374,0.6550390235000001,0.4793576175,0.6178107259999999,0.3821892557499999,0.01367361765,0.3591252377,0.36297009550000003,0.622676495,0.5754276260000001,-1.047582613550569,1.0475826084590576,0.28914452230988014,-0.1427629572203192,-0.28914456209147277,-0.3345897225565707,0.33458970860495246,-0.4569115500814682,0.53089003664306,-0.3050673695208698,-0.19590947043153575,0.00175564015336609
370,False,16,3.281344530921545e-05,0.1896779855625,0.810322016875,0.262587989375,0.50410239625,0.73741200875,0.55996886125,0.4400311121875,0.03146774396875,0.111595606875,0.53310687875,0.598608883125,0.495960861875,-0.3761306271020418,0.37613063879161873,-0.9173518310294931,-0.7661795230672185,0.9173518230848978,-0.5569014604012668,0.5569014197901808,-0.351324022523011,-0.38005354459186563,0.42347244415216695,-0.32401580535660107,-0.44021038661711426
371,False,12,2.4610083981911587e-05,0.21386575333333335,0.7861342366666667,0.28588631583333335,0.6328024266666666,0.7141136908333334,0.6641729299999999,0.33582705,0.020903303916666668,0.06094779266666667,0.3095031,0.6206504224999999,0.5266457800000001,-0.25111996323988606,0.2511199110421459,-0.8084238391577897,-0.23460721720234265,0.8084238710706416,-0.15639937226102038,0.15639934734396868,-0.41401173672472613,-0.5664445681751341,-0.5340174777522546,-0.2066937860344097,-0.2695517283112163
372,False,5,1.0254201659129828e-05,0.07431132,0.92568868,0.49779666,0.738288366,0.5022033340000001,0.7164345160000001,0.283565465,0.0178054038,0.29842334800000003,0.407979426,0.6385713479999999,0.5398132520000001,-0.9723850473599615,0.9723850445727545,0.18233265522810688,0.2010834646584514,-0.18233268324492655,0.044464898909976146,-0.04446492476244709,-0.4323941854093361,0.3074986123244946,-0.11233368413177507,-0.11130484191341551,-0.19631890769079383
373,False,20,4.101680663651931e-05,0.0,1.0,0.2885721600000001,0.6885090999999999,0.7114277999999998,0.5091786999999999,0.4908212699999999,0.0,0.32702320000000007,0.36116007000000006,0.0,0.58826303,-1.3564513875732582,1.3564513835757603,-0.7958665590424752,-0.004520831830155796,0.7958663727630234,-0.7521103988008521,0.7521103496222511,-0.5380486317555407,0.4127500584517176,-0.31281804879976366,-3.5102725253424802,0.07314161604324441
374,False,20,4.101680663651931e-05,0.0,1.0,0.2778953,0.6686846000000001,0.7221046999999998,0.5091786999999999,0.4908212699999999,0.0,0.30498522999999994,0.36116007000000006,0.0,0.58826303,-1.3564513875732582,1.3564513835757603,-0.8457846903458219,-0.0864023600901012,0.8457846911163429,-0.7521103988008521,0.7521103496222511,-0.5380486317555407,0.33164725371663134,-0.31281804879976366,-3.5102725253424802,0.07314161604324441
375,False,24,4.9220167963823175e-05,0.11924493750000002,0.8807550624999999,0.0,0.1343008,1.0,0.5091787,0.4908212699999999,0.0,0.0,0.0,0.0,0.58826303,-0.7401527303217342,0.7401527282663499,-2.1450444047171686,-2.293578441270331,2.1450444064167824,-0.7521103988008516,0.7521103496222511,-0.5380486317555407,-0.7907409497238505,-1.8593354160483953,-3.5102725253424802,0.07314161604324441
376,False,20,4.101680663651931e-05,0.07125046399999999,0.928749541,0.303943042,0.717049246,0.69605695,0.705248737,0.29475124624999993,0.019068625050000003,0.0454935195,0.1410497643,0.6347140294999999,0.5129792240000001,-0.9882045989685174,0.98820462197317,-0.7240021994906743,0.11335910316149593,0.7240021627712548,0.001473028240095541,-0.0014730444219861836,-0.4248984305654324,-0.6233184498874172,-1.2553486294241818,-0.13183645669265112,-0.34556027756402335
377,False,21,4.306764696834528e-05,0.17107784380952382,0.8289221495238095,0.34106912142857143,0.6710766195238096,0.6589308819047618,0.6257070114285713,0.3742929699999999,0.015238859190476193,0.16463090523809523,0.3672471757142857,0.5480405147619049,0.5560409838095238,-0.472262526932567,0.4722624912657576,-0.5504245270575903,-0.07652255408050943,0.5504245432014243,-0.30424082312653505,0.30424080721747987,-0.447623654664174,-0.18487624617421972,-0.2867525573864378,-0.5931795415753099,-0.10606600472785793
378,False,21,4.306764696834528e-05,0.26213865857142854,0.7378613285714287,0.43308644380952394,0.7422109552380951,0.5669135595238097,0.7888813628571427,0.21111862285714283,0.041992795380952366,0.14587310857142854,0.6345726085714286,0.6602098157142856,0.5254526971428573,-0.0016290640571168797,0.0016289978788940364,-0.12021070194470611,0.2172850133255675,0.12021071778089915,0.3229100094850112,-0.3229100238430321,-0.2888700342724564,-0.25390755533368914,0.857957112818326,0.0038717201264150325,-0.2761872330506561
379,False,26,5.332184862747511e-05,0.0,1.0,0.21734641000000002,0.5562594,0.7826535700000001,0.5091786999999999,0.4908212699999999,0.0,0.1721357,0.3993961453846154,0.0,0.58826303,-1.3564513875732582,1.3564513835757603,-1.1288723623104147,-0.5507544088646033,1.1288722697762328,-0.7521103988008521,0.7521103496222511,-0.5380486317555407,-0.1572575542460767,-0.14908800345522855,-3.5102725253424802,0.07314161604324441
380,False,34,6.972857128208283e-05,0.0,1.0,0.28857215999999997,0.6885091000000001,0.7114278,0.5091787,0.4908212700000001,0.0,0.32702319999999996,0.4004151270588236,0.0,0.58826303,-1.3564513875732582,1.3564513835757603,-0.7958665590424757,-0.004520831830154879,0.7958663727630244,-0.7521103988008516,0.7521103496222518,-0.5380486317555407,0.4127500584517172,-0.1447246394319823,-3.5102725253424802,0.07314161604324441
381,False,21,4.306764696834528e-05,0.16854845476190475,0.8314515057142858,0.5986360285714287,0.679275079047619,0.4013640004761904,0.9218350514285715,0.07816494404761903,0.029503806761904762,0.5488664246666666,0.21875533476190478,0.6512928380952381,0.48180074904761905,-0.4853352753980047,0.4853350698730389,0.6537926950614593,-0.042660292980011415,-0.6537925595552885,0.833909537023184,-0.8339095260193475,-0.3629777148839753,1.2291640807932684,-0.922606933335525,-0.04359129063335178,-0.5189639243237091
382,False,21,4.306764696834528e-05,0.289735749047619,0.7102642295238095,0.5911869014285713,0.7594796928571428,0.40881308952380957,0.7407343066666665,0.25926568071428563,0.046616489238095235,0.0,0.9491943847619047,0.9996830895238096,1.0,0.14100214663495128,-0.14100225666378463,0.6189653669132512,0.2886104251829989,-0.6189654094910114,0.13785968684977803,-0.13785969039944299,-0.2614337671684901,-0.7907409497238505,2.205193647004353,1.8108094893832318,2.3630769708939128
383,False,11,2.2559243650085624e-05,0.32677196,0.6732280490909092,0.5840926727272726,0.77265206,0.4159073381818182,0.7954901799999999,0.2045098081818182,0.055395806181818184,0.0,0.6864296545454546,0.9699602881818183,0.9746391290909091,0.3324179631733814,-0.33241791486389205,0.5857973156502957,0.34301651625506874,-0.5857972648995959,0.34831060178051476,-0.3483106072590399,-0.20933869078572917,-0.7907409497238505,1.0800132836819596,1.6526018880888338,2.222028779558238
384,False,25,5.1271008295649145e-05,0.06868508400000001,0.931314916,0.4607361396,0.878201342,0.5392638564,0.5767766256,0.4232233514,0.0,0.03460139176,0.2597731856,0.7197769595999999,0.5904993572000001,-1.0014633609963806,1.0014633581175405,0.00906149465303604,0.7789688235969959,-0.009061513195237292,-0.4923018262421237,0.4923017977863715,-0.5380486317555407,-0.663402999836747,-0.7469650948334777,0.32093385843850236,0.08557927671844308
385,False,24,4.9220167963823175e-05,0.09473260354166667,0.9052673983333334,0.3881876554166667,0.71772417875,0.6118123541666667,0.630824665,0.369175311875,0.01837184825,0.21500036583333335,0.5265787470833333,0.6106452391666667,0.5262079329166667,-0.8668408633472706,0.8668408705833021,-0.3301285630345597,0.1161467913777281,0.3301286082418432,-0.28457142857867984,0.28457139470028237,-0.4290329937496092,0.0004903972719414541,0.3955184430407325,-0.2599490642790307,-0.27198687887868506
